Gene,Polymorphism,Cluster,Count
msh6,G240A,1,1
msh6,G240A,2,72
msh6,G240A,3,308
msh6,G240A,4,7
msh6,G240A,5,14
msh6,Wildtype,1,95
msh6,Wildtype,2,1
msh6,Wildtype,3,71
msh6,Wildtype,4,444
msh6,Wildtype,5,207
benA,F219Y,1,13
benA,F219Y,2,0
benA,F219Y,3,131
benA,F219Y,4,26
benA,F219Y,5,1
benA,Wildtype,1,83
benA,Wildtype,2,73
benA,Wildtype,3,248
benA,Wildtype,4,425
benA,Wildtype,5,220
cytB,G143A,1,9
cytB,G143A,2,0
cytB,G143A,3,108
cytB,G143A,4,18
cytB,G143A,5,0
cytB,Wildtype,1,87
cytB,Wildtype,2,73
cytB,Wildtype,3,271
cytB,Wildtype,4,433
cytB,Wildtype,5,221
sdhB,H270Y,1,0
sdhB,H270Y,2,0
sdhB,H270Y,3,27
sdhB,H270Y,4,3
sdhB,H270Y,5,0
sdhB,H270R,1,0
sdhB,H270R,2,0
sdhB,H270R,3,8
sdhB,H270R,4,0
sdhB,H270R,5,0
sdhB,Wildtype,1,96
sdhB,Wildtype,2,73
sdhB,Wildtype,3,344
sdhB,Wildtype,4,448
sdhB,Wildtype,5,221
cyp51A,G54R,1,1
cyp51A,G54R,2,0
cyp51A,G54R,3,0
cyp51A,G54R,4,2
cyp51A,G54R,5,2
cyp51A,G54E,1,0
cyp51A,G54E,2,0
cyp51A,G54E,3,1
cyp51A,G54E,4,0
cyp51A,G54E,5,1
cyp51A,G54W,1,0
cyp51A,G54W,2,0
cyp51A,G54W,3,2
cyp51A,G54W,4,4
cyp51A,G54W,5,5
cyp51A,TR34/L98H,1,19
cyp51A,TR34/L98H,2,72
cyp51A,TR34/L98H,3,175
cyp51A,TR34/L98H,4,19
cyp51A,TR34/L98H,5,0
cyp51A,TR34,1,1
cyp51A,TR34,2,1
cyp51A,TR34,3,1
cyp51A,TR34,4,0
cyp51A,TR34,5,1
cyp51A,TR34/L98H/T289A,1,0
cyp51A,TR34/L98H/T289A,2,0
cyp51A,TR34/L98H/T289A,3,1
cyp51A,TR34/L98H/T289A,4,0
cyp51A,TR34/L98H/T289A,5,0
cyp51A,TR34/L98H/T289A/I364V/G448S,1,1
cyp51A,TR34/L98H/T289A/I364V/G448S,2,0
cyp51A,TR34/L98H/T289A/I364V/G448S,3,47
cyp51A,TR34/L98H/T289A/I364V/G448S,4,8
cyp51A,TR34/L98H/T289A/I364V/G448S,5,0
cyp51A,TR46/Y121F/T289A,1,0
cyp51A,TR46/Y121F/T289A,2,0
cyp51A,TR46/Y121F/T289A,3,1
cyp51A,TR46/Y121F/T289A,4,0
cyp51A,TR46/Y121F/T289A,5,0
cyp51A,TR46/Y121F/T289A/G448S,1,0
cyp51A,TR46/Y121F/T289A/G448S,2,0
cyp51A,TR46/Y121F/T289A/G448S,3,5
cyp51A,TR46/Y121F/T289A/G448S,4,0
cyp51A,TR46/Y121F/T289A/G448S,5,0
cyp51A,TR46/Y121F/T289A/S363P/I364V/G448S,1,0
cyp51A,TR46/Y121F/T289A/S363P/I364V/G448S,2,0
cyp51A,TR46/Y121F/T289A/S363P/I364V/G448S,3,0
cyp51A,TR46/Y121F/T289A/S363P/I364V/G448S,4,1
cyp51A,TR46/Y121F/T289A/S363P/I364V/G448S,5,0
cyp51A,TR46,1,0
cyp51A,TR46,2,0
cyp51A,TR46,3,0
cyp51A,TR46,4,1
cyp51A,TR46,5,0
cyp51A,TR120,1,0
cyp51A,TR120,2,0
cyp51A,TR120,3,0
cyp51A,TR120,4,1
cyp51A,TR120,5,0
cyp51A,Wildtype,1,73
cyp51A,Wildtype,2,0
cyp51A,Wildtype,3,138
cyp51A,Wildtype,4,397
cyp51A,Wildtype,5,210