ID,DAPC,SNPs,INDELs,msh6.SNPs
E459,Cluster5,59495,6745,66
E469,Cluster4,46367,5416,65
E472,Cluster4,46632,5510,65
E470,Cluster4,46393,5579,65
E467,Cluster4,46568,5603,65
E468,Cluster4,46656,5638,65
C84,Cluster5,57672,5694,67
C103,Cluster3,69333,7207,65
C179,Cluster4,62925,6149,64
C185,Cluster5,64920,6155,65
C171,Cluster5,62271,6408,65
C102,Cluster4,68137,6580,65
E33,Cluster1,17702,7277,0
C112,Cluster4,59872,5880,66
C113,Cluster4,36058,5902,66
C114,Cluster4,60071,5920,66
C117,Cluster4,59986,5927,66
C253,Cluster5,49270,6079,66
C372,Cluster5,56032,6630,62
C106,Cluster5,60597,6661,66
C108,Cluster5,60697,6733,66
C122,Cluster5,61300,6806,66
C145,Cluster3,69590,7359,65
C124,Cluster3,78471,8700,62
E455,Cluster4,37790,4647,61
E458,Cluster4,38176,4774,61
E495,Cluster4,38142,4816,61
E497,Cluster4,38338,4841,61
E456,Cluster4,38076,4870,61
C351,Cluster4,49997,5715,69
C352,Cluster4,50484,5721,69
C353,Cluster4,50388,5755,69
C317,Cluster4,12373,5800,69
C127,Cluster4,47676,5332,62
C418,Cluster4,52157,5556,65
C261,Cluster4,47211,5686,65
C120,Cluster4,55148,6015,66
C513,Cluster1,52,13,0
E556,Cluster1,62,56,0
C401,Cluster1,45,75,0
E305,Cluster1,313,1053,14
C364,Cluster1,6402,1192,0
C363,Cluster1,3515,1577,0
C333,Cluster1,14004,1888,1
C314,Cluster1,10889,1895,0
C47,Cluster1,16778,2122,0
E283,Cluster1,4568,2373,34
C370,Cluster1,4973,2421,19
E326,Cluster1,9525,2594,28
E215,Cluster1,24372,3351,61
C312,Cluster4,26003,3423,62
C304,Cluster4,20562,3725,59
C369,Cluster4,19903,3798,46
C484,Cluster4,29892,3903,61
E427,Cluster1,31402,3907,3
E594,Cluster1,39199,3977,37
C303,Cluster4,22153,4067,52
E401,Cluster1,7996,4069,14
E348,Cluster4,16131,4095,51
C30,Cluster4,37529,4106,64
E187,Cluster1,33847,4122,3
E551,Cluster5,21355,4276,56
E119,Cluster1,44598,4292,3
C505,Cluster1,35405,4312,3
C446,Cluster1,35637,4328,3
C329,Cluster1,16298,4397,0
C270,Cluster4,37687,4524,67
E292,Cluster3,36001,4582,57
C474,Cluster4,40395,4587,61
C265,Cluster4,40982,4621,61
C566,Cluster4,40660,4649,61
C275,Cluster4,42723,4662,61
E531,Cluster3,34872,4683,63
E593,Cluster4,43471,4684,61
C487,Cluster4,38069,4789,62
E109,Cluster4,45638,4789,64
E570,Cluster4,47069,4804,61
E454,Cluster4,38243,4816,61
C559,Cluster4,4935,4821,3
C16,Cluster4,44352,4834,65
C411,Cluster4,39921,4853,64
C587,Cluster4,38346,4865,61
E88,Cluster4,47595,4873,64
E606,Cluster4,47144,4885,3
C357,Cluster4,10871,4923,61
E453,Cluster4,33137,4927,61
C607,Cluster4,39245,4948,61
C32,Cluster4,37453,4953,66
C24,Cluster4,47456,4959,65
C339,Cluster4,42264,4977,65
E129,Cluster4,46067,4977,64
C54,Cluster4,38819,4978,69
C400,Cluster4,41704,4984,65
C25,Cluster1,29003,4991,64
E399,Cluster3,9753,5007,50
C390,Cluster4,41865,5011,65
E122,Cluster4,47765,5015,65
C281,Cluster4,35265,5025,59
C360,Cluster5,10197,5026,58
C414,Cluster4,45857,5052,66
C415,Cluster4,45966,5054,66
C381,Cluster5,41591,5057,60
E350,Cluster4,44448,5061,61
C383,Cluster4,47716,5062,64
E161,Cluster4,40410,5069,64
E167,Cluster4,40446,5069,64
C155,Cluster4,48463,5075,61
E558,Cluster4,49969,5083,61
E616,Cluster4,54501,5083,62
E132,Cluster4,37432,5087,64
C461,Cluster4,39476,5088,62
C156,Cluster4,48662,5104,61
C470,Cluster4,40062,5112,61
C600,Cluster4,41972,5117,67
C27,Cluster4,47480,5132,66
E52,Cluster4,48362,5133,68
E604,Cluster4,54665,5147,61
C533,Cluster4,45676,5172,67
E546,Cluster4,50201,5175,64
C476,Cluster4,41034,5176,67
C267,Cluster4,44292,5177,65
E274,Cluster4,40834,5177,67
C327,Cluster5,42468,5184,63
C477,Cluster4,23944,5195,67
C31,Cluster4,50583,5211,65
C342,Cluster4,44068,5213,65
E152,Cluster4,57056,5214,67
C341,Cluster4,45107,5216,64
E627,Cluster1,21017,5217,0
C382,Cluster4,47257,5220,66
E134,Cluster4,43477,5232,65
C393,Cluster5,46924,5238,64
E584,Cluster4,51483,5239,61
C563,Cluster4,46614,5242,61
E564,Cluster4,50731,5243,61
C29,Cluster4,50412,5251,65
E572,Cluster4,52477,5254,61
C567,Cluster4,40561,5257,64
E218,Cluster4,41637,5258,67
C562,Cluster4,46583,5260,61
C399,Cluster4,47312,5273,64
E583,Cluster4,51751,5274,61
C412,Cluster4,48825,5278,66
C368,Cluster5,42203,5283,63
E602,Cluster4,53666,5286,62
C20,Cluster4,53239,5288,67
C266,Cluster4,42912,5290,61
C564,Cluster4,46474,5290,61
C543,Cluster4,5370,5293,63
E57,Cluster4,48217,5293,64
E105,Cluster4,34334,5293,65
E563,Cluster4,51128,5296,61
C279,Cluster1,32719,5299,0
C22,Cluster5,56850,5303,67
E552,Cluster4,54081,5304,62
C285,Cluster4,40994,5304,61
E186,Cluster4,41238,5304,63
C72,Cluster5,56101,5311,66
C542,Cluster4,42424,5311,63
C23,Cluster4,50883,5316,64
E626,Cluster4,54416,5326,62
C110,Cluster4,54361,5326,65
C256,Cluster4,42886,5331,62
C440,Cluster5,16772,5331,65
E431,Cluster4,42373,5336,61
C15,Cluster4,46542,5338,65
U1,Cluster4,51890,5339,62
E155,Cluster4,58278,5339,67
E217,Cluster4,41167,5339,66
C535,Cluster4,45908,5341,65
C354,Cluster4,42504,5343,60
E118,Cluster4,49646,5343,66
C340,Cluster4,45187,5349,64
E133,Cluster4,53414,5356,64
C534,Cluster4,43150,5357,65
C524,Cluster4,46694,5358,61
C344,Cluster4,45339,5362,65
E157,Cluster4,58639,5362,67
C471,Cluster4,44554,5363,61
E597,Cluster4,52950,5373,69
E582,Cluster4,58161,5378,63
C5,Cluster4,52767,5380,66
C356,Cluster4,45270,5383,65
C555,Cluster4,42632,5385,61
C537,Cluster4,43899,5391,66
E60,Cluster4,43530,5394,65
C51,Cluster4,54535,5398,62
C577,Cluster4,43253,5398,65
C273,Cluster4,10133,5402,65
E618,Cluster4,53355,5404,66
C295,Cluster4,41440,5405,66
C118,Cluster4,54441,5409,65
C274,Cluster4,48014,5412,65
E533,Cluster4,52904,5414,0
E537,Cluster1,21018,5414,0
E113,Cluster4,50597,5415,63
C510,Cluster4,43661,5418,66
C119,Cluster4,54615,5425,65
E571,Cluster4,54733,5430,65
C52,Cluster4,54556,5434,62
C271,Cluster4,44450,5436,64
C584,Cluster1,41651,5436,0
U3,Cluster4,53438,5443,66
C586,Cluster4,44436,5446,61
E600,Cluster4,55771,5447,65
E562,Cluster4,53915,5449,65
C41,Cluster4,49073,5450,66
C28,Cluster4,52949,5453,65
C413,Cluster4,50223,5458,66
C578,Cluster4,49723,5458,66
E321,Cluster5,13772,5472,65
C347,Cluster4,48151,5475,66
C509,Cluster4,43639,5475,66
E596,Cluster4,42763,5484,68
E578,Cluster4,55020,5487,65
C602,Cluster4,44560,5489,61
U2,Cluster4,53321,5493,66
E146,Cluster4,52476,5493,65
C589,Cluster4,48486,5497,65
C385,Cluster4,42397,5498,62
C298,Cluster4,45625,5501,65
C26,Cluster4,56902,5503,66
C328,Cluster5,10652,5516,66
E575,Cluster4,56204,5517,66
C263,Cluster1,15811,5517,67
C403,Cluster4,55490,5523,66
C532,Cluster4,47887,5524,66
C603,Cluster4,44532,5524,61
C17,Cluster4,39787,5525,62
E536,Cluster4,56451,5527,66
E93,Cluster4,56215,5530,67
E147,Cluster4,52369,5534,61
C597,Cluster4,48365,5538,65
E559,Cluster4,58156,5539,68
E610,Cluster4,58750,5540,62
C581,Cluster4,48694,5543,61
E625,Cluster4,59710,5545,65
C531,Cluster4,48034,5546,66
C601,Cluster4,48393,5551,65
C53,Cluster4,42595,5557,62
C449,Cluster4,43273,5558,61
C511,Cluster4,43417,5558,67
E140,Cluster4,41696,5562,61
C252,Cluster4,46552,5565,65
C268,Cluster5,47485,5569,65
E139,Cluster4,52548,5578,67
E90,Cluster4,52323,5581,65
C610,Cluster4,47504,5585,68
C466,Cluster4,47455,5586,67
C468,Cluster4,47455,5586,67
C326,Cluster5,46517,5589,66
E568,Cluster4,57607,5594,65
E555,Cluster4,58104,5603,65
E585,Cluster4,57914,5612,65
C282,Cluster1,33182,5613,0
C21,Cluster4,45996,5618,61
C556,Cluster4,27621,5623,65
C278,Cluster4,46329,5624,63
E123,Cluster4,58891,5626,64
C512,Cluster4,10956,5627,65
C538,Cluster4,47446,5627,67
C19,Cluster5,57033,5628,65
E573,Cluster4,58071,5638,65
E554,Cluster4,57540,5645,61
E611,Cluster4,59969,5647,64
C553,Cluster4,48792,5654,61
C324,Cluster5,46556,5655,66
E581,Cluster4,57923,5656,65
C433,Cluster3,23626,5661,53
E121,Cluster4,58641,5662,64
C361,Cluster4,10197,5664,65
C375,Cluster5,50449,5669,67
E154,Cluster5,60475,5670,66
E591,Cluster4,58323,5671,67
C288,Cluster4,43959,5672,67
C594,Cluster4,49592,5678,67
E156,Cluster5,60682,5678,66
E429,Cluster4,45060,5686,65
C355,Cluster1,46719,5689,0
C366,Cluster5,47546,5696,67
E561,Cluster4,59906,5698,69
C525,Cluster4,49991,5701,65
E100,Cluster4,57815,5701,65
C325,Cluster5,46746,5705,66
C331,Cluster4,48992,5710,65
C570,Cluster4,42950,5712,64
C472,Cluster4,45214,5714,64
E360,Cluster4,25899,5717,65
E609,Cluster4,55897,5720,67
C389,Cluster4,50118,5722,65
C251,Cluster4,49877,5727,65
C530,Cluster4,49191,5727,61
E545,Cluster4,60019,5730,63
C380,Cluster4,48916,5733,65
E576,Cluster4,58044,5736,65
E617,Cluster4,56042,5739,63
C417,Cluster4,54529,5741,65
C280,Cluster4,5187,5741,61
E279,Cluster4,48429,5741,66
C337,Cluster4,49404,5741,65
E115,Cluster4,52795,5751,67
C416,Cluster4,54900,5759,65
C595,Cluster4,27297,5760,67
C447,Cluster4,46000,5763,61
E534,Cluster4,60277,5766,63
C289,Cluster4,9562,5766,61
E615,Cluster4,55282,5768,62
E120,Cluster4,56797,5768,66
C332,Cluster4,48667,5768,65
C397,Cluster4,48770,5770,64
E430,Cluster4,45097,5773,61
E574,Cluster4,55499,5774,61
C313,Cluster4,46641,5777,65
E116,Cluster4,52795,5778,67
C338,Cluster4,48968,5779,65
C99,Cluster5,58257,5780,65
C485,Cluster4,51836,5780,62
C395,Cluster5,47139,5784,67
C502,Cluster4,46833,5784,67
E613,Cluster4,56089,5785,67
E361,Cluster5,46249,5787,66
E142,Cluster5,59022,5788,67
E577,Cluster5,55817,5790,66
C147,Cluster5,56522,5795,66
E553,Cluster1,20986,5798,0
C315,Cluster4,46634,5798,65
C373,Cluster4,46582,5800,64
C129,Cluster4,53559,5805,62
C134,Cluster4,53190,5807,62
E351,Cluster4,38194,5812,61
C334,Cluster4,48974,5815,65
E549,Cluster4,53806,5819,67
C292,Cluster4,44982,5824,66
E482,Cluster3,42447,5824,62
E623,Cluster5,56584,5825,66
C575,Cluster1,16291,5827,0
E557,Cluster4,60443,5828,66
E550,Cluster4,56104,5831,63
C152,Cluster4,59385,5831,67
E159,Cluster4,56892,5832,66
C316,Cluster4,49905,5832,64
E566,Cluster4,55588,5833,61
C130,Cluster4,53418,5834,62
C396,Cluster4,47139,5835,65
C386,Cluster4,43132,5837,65
E539,Cluster4,57682,5841,64
C269,Cluster5,50073,5841,66
C518,Cluster5,51001,5842,61
E492,Cluster5,52103,5843,66
U5,Cluster4,48831,5845,65
C561,Cluster4,46324,5846,61
E601,Cluster4,60143,5849,64
C136,Cluster4,53222,5850,62
C483,Cluster4,55716,5850,65
C135,Cluster4,53225,5852,62
C547,Cluster4,46586,5859,61
E607,Cluster4,59288,5861,66
C151,Cluster4,59437,5861,67
C128,Cluster4,53132,5862,62
E565,Cluster4,56270,5862,61
C305,Cluster4,49073,5863,65
E209,Cluster4,49568,5863,65
E280,Cluster4,45886,5864,66
C336,Cluster4,37288,5867,62
E403,Cluster3,35750,5872,53
C378,Cluster4,47275,5872,64
C254,Cluster4,7567,5873,66
C148,Cluster1,32843,5874,0
E166,Cluster4,45363,5874,66
C455,Cluster4,46012,5878,63
E538,Cluster4,56105,5879,63
C463,Cluster4,46570,5880,66
C43,Cluster5,58610,5884,66
E547,Cluster4,59117,5886,66
E80,Cluster4,51650,5886,62
C3,Cluster4,55284,5889,62
C569,Cluster4,48029,5889,65
C190,Cluster4,48973,5893,68
C371,Cluster5,50558,5893,65
C517,Cluster5,50316,5896,66
C42,Cluster5,58663,5900,66
E104,Cluster4,54329,5902,66
C573,Cluster4,2163,5906,65
C500,Cluster4,43620,5907,61
E542,Cluster4,61940,5908,66
C109,Cluster4,59588,5910,66
C486,Cluster4,47928,5910,65
C572,Cluster4,46753,5912,61
E535,Cluster4,60241,5913,65
C272,Cluster5,48530,5913,65
C18,Cluster4,53038,5915,65
C77,Cluster4,58645,5917,66
C164,Cluster4,56883,5917,65
C189,Cluster4,7670,5919,68
E141,Cluster4,49994,5920,61
C161,Cluster5,45088,5925,66
C259,Cluster5,48490,5926,66
E94,Cluster4,50688,5926,67
E379,Cluster4,48946,5932,65
E544,Cluster4,63534,5935,67
E505,Cluster4,49603,5940,64
E499,Cluster5,51597,5941,66
C436,Cluster5,52880,5941,66
E599,Cluster4,58407,5942,62
E540,Cluster5,61476,5945,66
E340,Cluster5,47889,5951,66
C260,Cluster5,48551,5952,66
E278,Cluster4,45878,5952,66
C490,Cluster4,47512,5954,66
C458,Cluster4,48284,5961,65
C604,Cluster4,46908,5964,61
C362,Cluster5,48756,5971,66
C162,Cluster4,59863,5975,66
C210,Cluster4,28327,5976,64
C180,Cluster5,65312,5981,66
C452,Cluster5,47653,5981,66
E153,Cluster4,62623,5982,65
C211,Cluster4,51013,5984,66
E580,Cluster5,60375,5985,65
C522,Cluster4,48257,5985,65
C579,Cluster4,45996,5986,66
E612,Cluster4,58648,5988,62
E372,Cluster5,52686,5991,66
E76,Cluster4,56643,5995,62
C588,Cluster4,48286,5996,65
E377,Cluster5,51229,5998,66
E137,Cluster4,55354,5999,61
C496,Cluster5,52349,6012,66
C501,Cluster4,46978,6016,66
C146,Cluster4,59880,6018,64
C45,Cluster4,61535,6022,65
C46,Cluster4,61465,6022,65
E266,Cluster5,52475,6024,66
C111,Cluster5,59399,6024,65
E331,Cluster4,31726,6028,68
E365,Cluster5,51874,6030,66
C384,Cluster5,53761,6035,65
C172,Cluster4,55076,6041,66
E92,Cluster4,58795,6043,66
C424,Cluster5,53441,6044,67
C498,Cluster5,50886,6045,66
C457,Cluster4,46793,6047,65
E338,Cluster5,49097,6048,67
C44,Cluster1,30696,6050,0
E165,Cluster4,46052,6050,64
E268,Cluster5,52294,6051,65
E286,Cluster5,51393,6059,67
C388,Cluster1,16880,6060,0
E73,Cluster4,57960,6064,62
C541,Cluster4,47382,6065,65
C504,Cluster4,48174,6066,66
C73,Cluster5,60552,6071,66
C74,Cluster5,56277,6073,66
C50,Cluster1,30871,6075,0
C291,Cluster4,46632,6078,61
C169,Cluster1,25149,6085,0
C489,Cluster5,50476,6087,65
E53,Cluster4,62539,6092,65
C593,Cluster5,43541,6096,65
E79,Cluster5,63294,6111,65
C166,Cluster4,56375,6113,62
C121,Cluster1,25072,6117,0
C178,Cluster4,57313,6119,65
E106,Cluster4,60265,6125,65
E291,Cluster4,44440,6126,66
C552,Cluster5,50365,6131,65
C456,Cluster5,53037,6135,65
C554,Cluster5,51027,6135,66
C343,Cluster5,42864,6135,64
C523,Cluster5,49527,6142,66
E589,Cluster4,61180,6144,67
C293,Cluster4,7186,6148,67
C491,Cluster5,49767,6153,66
C565,Cluster4,53847,6153,61
C506,Cluster5,49709,6155,66
C426,Cluster5,53533,6158,66
C453,Cluster4,47230,6159,66
E560,Cluster4,61282,6161,63
C163,Cluster5,58772,6161,66
C493,Cluster5,52801,6161,66
C519,Cluster4,52310,6163,67
E528,Cluster5,42289,6165,65
C608,Cluster5,54060,6166,66
C451,Cluster5,49877,6174,66
E363,Cluster4,48228,6176,62
C300,Cluster4,46181,6177,61
C75,Cluster5,56916,6178,66
E56,Cluster4,56358,6179,66
C165,Cluster4,59054,6180,65
E101,Cluster4,60757,6183,67
C495,Cluster5,53083,6187,65
E317,Cluster5,51571,6188,65
E371,Cluster5,51903,6189,65
E311,Cluster5,52552,6190,65
C149,Cluster4,56228,6198,66
C95,Cluster4,60425,6201,66
C255,Cluster5,51412,6203,65
C376,Cluster4,47731,6204,65
C405,Cluster5,58817,6207,66
C508,Cluster5,52920,6216,66
E97,Cluster5,60341,6223,67
C448,Cluster4,50146,6224,66
E548,Cluster5,64485,6227,66
C521,Cluster5,54010,6229,65
E598,Cluster5,65998,6236,65
C611,Cluster5,51809,6236,65
C283,Cluster5,48812,6252,66
E624,Cluster5,66207,6253,65
C150,Cluster5,61956,6257,65
C497,Cluster5,52230,6257,66
E297,Cluster5,53652,6260,65
C551,Cluster4,47066,6261,61
C596,Cluster4,46467,6261,63
C49,Cluster4,61854,6265,65
C277,Cluster5,52828,6265,68
E621,Cluster5,66039,6266,66
C590,Cluster5,52277,6267,66
E83,Cluster5,62031,6269,66
C100,Cluster5,62653,6270,66
C499,Cluster4,53499,6273,67
E175,Cluster4,45452,6281,61
C154,Cluster5,62595,6285,65
C432,Cluster5,55116,6285,65
C200,Cluster4,12916,6290,65
C544,Cluster5,48677,6292,63
C598,Cluster5,52873,6292,66
C48,Cluster4,43403,6293,65
E219,Cluster4,27932,6295,66
C157,Cluster4,47144,6297,65
E136,Cluster4,42241,6302,65
E387,Cluster4,49780,6308,66
C183,Cluster5,63316,6311,62
E150,Cluster1,7448,6314,0
C184,Cluster5,65303,6324,66
C454,Cluster5,52411,6327,67
C494,Cluster5,54646,6327,66
C526,Cluster4,49773,6330,66
C297,Cluster5,2210,6334,65
C290,Cluster4,39645,6335,61
C459,Cluster5,55467,6338,67
C592,Cluster4,54504,6338,67
E410,Cluster5,65237,6339,65
C379,Cluster4,51355,6343,65
E172,Cluster4,12359,6343,65
E89,Cluster4,48598,6343,65
E86,Cluster5,60955,6349,66
C591,Cluster5,54572,6350,66
E262,Cluster4,49205,6361,65
E111,Cluster4,56746,6363,65
C182,Cluster5,64623,6364,67
E194,Cluster5,53199,6369,65
C276,Cluster5,52779,6370,68
C503,Cluster5,52772,6374,67
C450,Cluster5,53746,6377,66
C528,Cluster4,7462,6379,66
C599,Cluster5,54979,6380,66
C574,Cluster5,56968,6397,68
C257,Cluster4,46566,6413,65
C515,Cluster4,7123,6413,65
X1,Cluster4,28384,6415,61
C311,Cluster5,55822,6417,66
C435,Cluster5,56142,6417,65
C296,Cluster5,5059,6425,65
C492,Cluster5,53322,6426,67
C287,Cluster4,52718,6427,66
C585,Cluster4,51864,6427,65
C464,Cluster5,51750,6434,66
E222,Cluster5,52803,6434,67
E221,Cluster4,8247,6436,68
E144,Cluster5,62874,6442,66
C571,Cluster5,49994,6447,66
X2,Cluster1,28311,6454,0
E125,Cluster1,17626,6457,0
C516,Cluster1,26210,6460,0
E207,Cluster5,52418,6466,66
E603,Cluster4,60397,6467,66
C439,Cluster5,52813,6474,66
C350,Cluster5,53787,6475,62
C335,Cluster5,55506,6486,66
E336,Cluster4,43331,6488,59
C167,Cluster4,66244,6488,65
E138,Cluster4,51745,6494,64
E204,Cluster5,52972,6495,66
E346,Cluster5,42471,6501,66
C410,Cluster5,65532,6510,66
C158,Cluster5,56498,6513,64
E421,Cluster5,64140,6513,66
E99,Cluster5,61963,6513,67
E513,Cluster5,56444,6519,66
C527,Cluster4,54280,6521,67
E329,Cluster5,42756,6521,67
E362,Cluster5,55602,6528,65
E608,Cluster1,29340,6530,0
C398,Cluster5,59502,6530,66
E356,Cluster5,53168,6531,66
E620,Cluster4,68416,6532,66
C612,Cluster4,13243,6535,65
U4,Cluster4,42270,6541,65
C583,Cluster5,53309,6550,67
E220,Cluster5,54597,6550,65
E622,Cluster5,61232,6553,65
C558,Cluster5,53764,6554,66
C284,Cluster4,50493,6560,67
E303,Cluster5,45875,6564,66
C58,Cluster5,63835,6569,66
C479,Cluster5,54495,6573,65
C568,Cluster5,53917,6573,61
C478,Cluster5,54071,6574,66
E265,Cluster5,52864,6575,66
E192,Cluster5,54778,6578,66
E514,Cluster3,44804,6579,64
C286,Cluster4,30194,6580,68
C606,Cluster5,51852,6580,66
C264,Cluster5,56555,6583,66
C437,Cluster5,8261,6587,66
C39,Cluster5,63761,6589,66
C407,Cluster5,67013,6592,66
E300,Cluster5,52445,6593,66
C294,Cluster5,52669,6594,66
C177,Cluster5,66766,6595,66
C56,Cluster5,50248,6610,59
E210,Cluster3,31207,6613,63
E579,Cluster5,67573,6623,66
C428,Cluster5,57212,6623,66
C605,Cluster5,51858,6625,66
C173,Cluster4,62806,6625,65
C59,Cluster5,63565,6626,66
C473,Cluster5,52621,6626,65
C299,Cluster5,55759,6630,67
C460,Cluster4,52987,6634,66
E277,Cluster4,53448,6639,66
E308,Cluster5,55746,6651,66
E193,Cluster5,52277,6655,66
C514,Cluster5,54655,6672,67
C301,Cluster5,47818,6692,65
C408,Cluster5,65799,6704,65
C469,Cluster4,50725,6705,66
C36,Cluster5,50573,6708,62
C391,Cluster3,54651,6709,60
C212,Cluster4,56117,6722,63
E267,Cluster4,52101,6734,66
C213,Cluster4,56021,6735,63
C520,Cluster5,54738,6736,66
E195,Cluster5,53997,6736,66
E70,Cluster4,62294,6736,64
E143,Cluster5,63785,6746,66
C467,Cluster5,54812,6747,66
E285,Cluster4,54120,6748,65
C546,Cluster5,55564,6752,66
E588,Cluster5,66742,6757,66
E2,Cluster4,69981,6782,65
C302,Cluster5,55688,6784,66
E493,Cluster5,54716,6787,66
C545,Cluster5,52017,6789,67
C481,Cluster4,56311,6794,69
E65,Cluster3,65122,6795,65
C160,Cluster4,46338,6809,59
C198,Cluster4,59480,6810,65
C482,Cluster5,56311,6815,66
C475,Cluster5,55958,6825,66
C480,Cluster5,56032,6835,66
C64,Cluster3,68273,6858,66
C62,Cluster3,68229,6864,66
E261,Cluster4,57691,6870,65
C238,Cluster4,51857,6871,66
E226,Cluster5,55027,6872,62
C61,Cluster3,68527,6876,66
C60,Cluster3,67625,6881,66
C63,Cluster3,68102,6885,65
C409,Cluster5,68284,6891,65
E164,Cluster4,53490,6891,65
E270,Cluster3,52928,6894,65
E332,Cluster3,56896,6913,62
E494,Cluster4,29957,6918,65
E275,Cluster5,53392,6928,66
C65,Cluster3,68637,6935,66
C536,Cluster5,57227,6939,66
E289,Cluster5,39789,6947,59
E211,Cluster5,55724,6949,62
C406,Cluster4,48197,6951,65
C465,Cluster5,56608,6954,66
C431,Cluster5,43256,6973,59
C507,Cluster5,56759,6985,66
E388,Cluster5,60043,7007,65
C367,Cluster3,59958,7019,63
E208,Cluster5,56356,7024,66
C488,Cluster5,46610,7052,66
C580,Cluster5,57613,7063,66
C55,Cluster5,68964,7080,62
C560,Cluster5,58286,7111,62
E225,Cluster5,55594,7113,62
E420,Cluster5,70803,7136,62
C422,Cluster4,61848,7149,65
E462,Cluster3,2402,7156,62
C57,Cluster5,69411,7159,62
C402,Cluster5,67537,7184,62
C258,Cluster5,9363,7187,66
E126,Cluster1,53377,7205,39
E212,Cluster5,58516,7206,66
E135,Cluster1,52954,7209,39
C423,Cluster4,50232,7214,64
C170,Cluster3,67242,7252,66
E130,Cluster1,50989,7272,38
C144,Cluster3,69593,7274,65
C38,Cluster3,66495,7301,62
E287,Cluster3,51186,7304,63
C582,Cluster5,57349,7312,66
E301,Cluster5,57440,7319,66
E369,Cluster3,61771,7323,65
E408,Cluster3,76782,7343,63
C345,Cluster4,37125,7352,59
E82,Cluster3,70141,7360,62
C37,Cluster3,67227,7371,62
E61,Cluster1,32663,7379,0
C404,Cluster5,70753,7390,66
E367,Cluster3,50499,7390,65
E107,Cluster3,71081,7406,62
E444,Cluster3,65077,7415,63
C176,Cluster3,72642,7427,64
E344,Cluster4,61623,7430,65
E352,Cluster3,53169,7431,64
C609,Cluster4,60366,7454,66
E74,Cluster3,72784,7455,64
E343,Cluster4,51867,7506,65
C425,Cluster1,63555,7558,0
E81,Cluster3,74636,7563,63
E532,Cluster3,55298,7572,68
C365,Cluster3,67203,7586,63
C159,Cluster3,71508,7590,62
C539,Cluster3,65002,7606,64
E335,Cluster3,61716,7609,62
E84,Cluster3,72137,7624,62
C40,Cluster3,71506,7627,62
C387,Cluster3,67304,7637,62
E174,Cluster3,62888,7641,63
E71,Cluster3,72486,7650,68
C540,Cluster1,64925,7656,0
C443,Cluster3,66444,7664,65
E98,Cluster3,71882,7664,67
C4,Cluster3,73452,7666,62
E58,Cluster3,69870,7693,63
E567,Cluster1,21848,7694,0
C181,Cluster3,75268,7695,68
E66,Cluster3,76309,7708,62
E163,Cluster3,64060,7724,69
E295,Cluster3,61928,7725,62
E491,Cluster3,66064,7738,63
E59,Cluster3,72380,7747,62
E72,Cluster3,75688,7788,64
E75,Cluster3,78049,7790,64
C427,Cluster3,33790,7808,62
C168,Cluster3,72687,7810,62
E77,Cluster3,77411,7811,62
E299,Cluster3,52739,7814,63
E78,Cluster3,77331,7822,62
E85,Cluster3,72536,7852,64
E62,Cluster3,74413,7860,63
E354,Cluster3,63906,7893,62
E520,Cluster3,66512,7921,62
E378,Cluster3,51346,7924,62
E518,Cluster3,63731,7950,63
E276,Cluster3,64983,7961,63
C209,Cluster3,68152,7962,68
C66,Cluster3,73756,7972,68
E112,Cluster3,77619,7984,62
E151,Cluster3,81313,7990,63
C68,Cluster3,73352,8005,68
C67,Cluster3,73959,8019,68
E67,Cluster1,5374,8034,0
C262,Cluster3,69527,8036,68
E269,Cluster3,62367,8061,66
E264,Cluster3,64534,8068,62
E503,Cluster3,69701,8075,64
C76,Cluster3,74180,8077,68
E184,Cluster1,36745,8090,0
E271,Cluster3,63837,8104,68
E162,Cluster3,19762,8106,65
E498,Cluster3,55762,8110,62
E409,Cluster3,76661,8112,62
E428,Cluster3,71035,8124,62
E412,Cluster1,15214,8150,0
E131,Cluster3,74334,8161,67
E127,Cluster3,75675,8171,63
C392,Cluster3,70550,8173,63
C374,Cluster3,67040,8177,63
E404,Cluster3,82061,8189,68
E411,Cluster3,81667,8189,68
E69,Cluster3,75325,8193,68
E440,Cluster3,68834,8195,62
E402,Cluster1,21019,8197,0
E415,Cluster3,81980,8201,68
E436,Cluster3,70764,8203,67
E414,Cluster3,81746,8231,68
E515,Cluster3,64908,8236,68
E418,Cluster3,81898,8238,68
E413,Cluster3,81772,8242,68
E406,Cluster3,82411,8248,68
E160,Cluster3,70198,8251,62
E407,Cluster3,82314,8256,68
E512,Cluster3,64930,8257,68
E128,Cluster3,75750,8259,64
E417,Cluster3,81994,8262,68
E419,Cluster3,82385,8268,68
E433,Cluster3,71226,8270,67
E405,Cluster3,81955,8271,68
E416,Cluster3,82065,8327,68
E214,Cluster3,71352,8351,62
C33,Cluster3,82739,8376,63
C429,Cluster3,55667,8408,61
E96,Cluster3,80102,8423,68
E313,Cluster3,70971,8431,63
E114,Cluster3,76397,8455,64
E614,Cluster3,79757,8468,68
C199,Cluster3,72731,8470,68
E110,Cluster3,88988,8490,62
C175,Cluster1,5701,8491,0
E108,Cluster3,90382,8494,63
E91,Cluster3,76784,8500,64
C434,Cluster3,72485,8521,68
C174,Cluster3,78007,8525,64
C430,Cluster3,50648,8527,62
E102,Cluster3,77895,8570,66
C6,Cluster3,80013,8601,62
E103,Cluster3,78341,8606,65
E158,Cluster1,10086,8623,0
E213,Cluster3,69084,8667,68
E263,Cluster3,67071,8678,63
E424,Cluster3,79216,8684,63
E423,Cluster3,79235,8716,63
E272,Cluster3,68270,8813,63
C576,Cluster3,70960,8855,63
E68,Cluster3,78760,8893,68
E117,Cluster3,78469,8912,63
E294,Cluster1,75306,9032,63
C557,Cluster3,71949,9082,70
E216,Cluster3,70633,9133,69
E63,Cluster3,87079,9201,65
E64,Cluster3,91731,10207,64
E230,Cluster1,133057,14578,0
E234,Cluster1,132795,14643,0
E229,Cluster1,135778,15207,49
E422,Cluster1,57371,72920,0
E189,Cluster1,130590,14356,53
E375,Cluster4,23109,4635,54
E345,Cluster5,55608,6734,62
C420,Cluster4,39934,5511,44
E330,Cluster1,157,482,5
C529,Cluster5,54175,6110,67
E373,Cluster2,36019,7677,62
E202,Cluster3,12834,7941,62
E322,Cluster3,32310,4647,57
E316,Cluster3,32343,5056,56
E327,Cluster3,16905,5185,60
E525,Cluster4,50732,6080,64
E145,Cluster4,63875,6156,65
E435,Cluster4,56374,6325,65
C321,Cluster2,39104,6349,60
E149,Cluster4,64812,6377,65
E437,Cluster1,56747,6403,0
E432,Cluster4,56443,6410,65
E325,Cluster2,50075,6418,62
E185,Cluster1,30144,6424,64
E426,Cluster4,56761,6426,65
E434,Cluster4,56586,6426,65
E425,Cluster4,56787,6428,65
E324,Cluster2,24000,6437,62
C310,Cluster2,52662,6470,60
E148,Cluster4,63664,6490,65
E370,Cluster2,32324,6533,61
C188,Cluster4,50768,6566,66
E188,Cluster4,51280,6572,67
E180,Cluster4,54539,6576,62
C358,Cluster4,53663,6591,62
E31,Cluster2,60954,6613,62
C445,Cluster4,58874,6667,65
C319,Cluster3,60145,6713,62
E487,Cluster3,48740,6725,64
C330,Cluster3,59410,6749,62
E306,Cluster3,41899,6792,65
E488,Cluster3,44050,6792,62
C377,Cluster2,57265,6800,62
E307,Cluster3,50487,6818,64
E38,Cluster2,62933,6821,62
E25,Cluster2,61917,6831,62
E315,Cluster3,50999,6848,62
E23,Cluster2,62516,6862,62
C186,Cluster3,67873,6866,62
E36,Cluster3,69744,6875,62
C123,Cluster2,64035,6884,62
E342,Cluster2,43541,6911,62
C91,Cluster2,63832,6925,62
C116,Cluster2,63826,6928,62
C306,Cluster3,59408,6929,62
C349,Cluster3,14302,6939,62
C320,Cluster2,13084,6972,61
C318,Cluster4,55674,7005,62
E21,Cluster3,67529,7013,62
E382,Cluster2,51626,7014,62
C93,Cluster3,68298,7015,62
C322,Cluster2,57643,7015,62
E22,Cluster3,67072,7026,62
E357,Cluster2,55907,7088,62
E376,Cluster2,49352,7091,62
C346,Cluster3,15254,7119,62
E385,Cluster2,31857,7120,62
E347,Cluster2,43816,7125,62
E364,Cluster2,55893,7125,62
C35,Cluster2,67548,7127,62
E32,Cluster3,65939,7151,62
C308,Cluster3,61562,7152,62
E359,Cluster2,56064,7161,62
C309,Cluster2,58356,7166,62
C438,Cluster2,55956,7174,62
E395,Cluster3,45743,7176,62
E10,Cluster3,70417,7182,62
C10,Cluster3,74215,7190,62
C34,Cluster2,67806,7191,62
E17,Cluster3,64745,7202,62
C107,Cluster2,67603,7202,62
E9,Cluster2,67646,7209,62
C105,Cluster2,67366,7210,62
E13,Cluster2,68116,7215,62
C88,Cluster3,71465,7226,62
C115,Cluster2,67911,7256,62
E11,Cluster2,67732,7261,62
E27,Cluster2,68187,7262,62
E302,Cluster3,48307,7265,64
E16,Cluster2,68100,7270,62
C71,Cluster2,67864,7271,62
E333,Cluster3,56953,7274,62
C240,Cluster3,60146,7279,65
E381,Cluster2,58101,7296,63
C82,Cluster2,68130,7311,62
E24,Cluster2,67753,7315,62
C69,Cluster2,67903,7319,62
C234,Cluster3,59288,7320,62
C307,Cluster3,61000,7322,62
E349,Cluster3,51547,7324,62
E30,Cluster2,68326,7324,62
E510,Cluster3,60377,7325,65
C125,Cluster2,67881,7328,62
C550,Cluster3,59818,7329,62
C92,Cluster2,67816,7334,62
C462,Cluster3,60586,7337,62
C70,Cluster2,68089,7340,62
C323,Cluster2,61395,7352,63
E386,Cluster1,58855,7353,0
E29,Cluster2,68354,7353,62
E28,Cluster2,68175,7356,62
C80,Cluster2,68123,7357,62
E282,Cluster3,60735,7364,66
C101,Cluster2,67583,7394,62
C348,Cluster2,59109,7394,62
C79,Cluster2,68794,7416,62
E290,Cluster2,48420,7426,62
E334,Cluster3,60277,7430,65
C94,Cluster2,68367,7433,62
E451,Cluster2,49271,7444,62
E323,Cluster3,66174,7445,65
E304,Cluster3,50305,7462,64
C12,Cluster1,20070,7463,0
E374,Cluster3,52986,7464,65
E506,Cluster3,64638,7469,65
C90,Cluster2,68398,7470,62
E15,Cluster3,75650,7485,62
E457,Cluster4,36574,7485,57
C220,Cluster3,60901,7486,62
C89,Cluster3,67892,7495,62
E380,Cluster2,59916,7496,63
E34,Cluster3,55822,7509,65
E7,Cluster3,76296,7510,62
C78,Cluster3,71926,7521,62
E507,Cluster3,60000,7521,66
C104,Cluster3,67911,7525,62
E530,Cluster2,60262,7528,62
E176,Cluster1,60208,7530,0
E35,Cluster3,73504,7545,62
E298,Cluster3,62591,7554,64
E179,Cluster2,60404,7555,63
E169,Cluster2,60012,7566,63
E448,Cluster2,60489,7572,62
E177,Cluster2,60341,7583,63
C14,Cluster3,76423,7583,62
C11,Cluster3,76811,7588,62
E6,Cluster3,77180,7599,62
C549,Cluster3,59322,7603,66
E4,Cluster3,69477,7612,62
E486,Cluster3,68148,7614,64
C126,Cluster3,75892,7620,64
E8,Cluster1,20520,7625,0
E19,Cluster3,66537,7626,62
E39,Cluster3,70966,7626,62
E37,Cluster1,30317,7627,0
C441,Cluster3,61759,7643,62
E5,Cluster1,20508,7649,0
E490,Cluster3,57991,7655,64
C86,Cluster3,70633,7664,62
C96,Cluster3,70815,7667,62
E393,Cluster3,57732,7669,64
E396,Cluster3,40716,7677,62
E389,Cluster3,54901,7680,62
E391,Cluster3,68112,7681,64
E398,Cluster3,47653,7688,62
E205,Cluster2,60843,7689,62
C442,Cluster3,61979,7698,62
E18,Cluster3,76911,7700,63
E26,Cluster3,76328,7714,63
C203,Cluster2,58718,7715,62
E240,Cluster1,59808,7721,0
E318,Cluster3,48038,7731,62
C7,Cluster3,56835,7732,65
E442,Cluster3,15320,7737,62
E181,Cluster3,61630,7742,62
E473,Cluster3,68306,7743,64
E392,Cluster3,66423,7751,62
E309,Cluster1,59583,7752,0
C214,Cluster3,64193,7760,62
E237,Cluster3,59888,7760,62
C237,Cluster3,61657,7765,62
E236,Cluster3,59854,7768,62
E390,Cluster3,62793,7769,62
C187,Cluster3,66721,7771,62
E246,Cluster3,65590,7773,62
E196,Cluster3,65012,7780,62
E293,Cluster3,62147,7782,62
E481,Cluster3,68617,7783,64
E14,Cluster1,5431,7792,0
E41,Cluster3,57825,7793,62
E450,Cluster3,68608,7796,64
C224,Cluster3,68004,7798,63
E383,Cluster4,14146,7799,63
E509,Cluster3,62472,7812,62
E441,Cluster1,68638,7818,0
C221,Cluster3,15831,7818,65
E394,Cluster3,60994,7833,64
C85,Cluster2,71501,7834,62
E239,Cluster3,60562,7842,62
E397,Cluster3,45355,7843,62
E474,Cluster3,65052,7847,66
E400,Cluster3,62680,7849,62
C215,Cluster1,37152,7881,0
C216,Cluster3,67732,7891,62
E296,Cluster3,63808,7899,62
E480,Cluster3,65373,7904,64
E341,Cluster2,46182,7907,66
C13,Cluster4,49410,7907,59
E508,Cluster3,67858,7909,63
E447,Cluster3,55371,7913,62
C87,Cluster3,75123,7913,62
E49,Cluster3,78433,7916,62
E170,Cluster3,64354,7920,65
E355,Cluster1,66147,7924,0
C242,Cluster3,63408,7930,65
C245,Cluster1,37366,7931,0
E368,Cluster3,64668,7932,62
C133,Cluster3,74150,7936,62
C153,Cluster3,68177,7944,62
C218,Cluster3,15801,7949,65
E524,Cluster3,49591,7957,64
E3,Cluster3,74741,7958,64
C192,Cluster3,63119,7960,62
C233,Cluster3,15469,7974,64
C205,Cluster1,17212,7975,0
E245,Cluster3,67957,7979,62
C217,Cluster3,64465,7987,65
E178,Cluster3,62647,7992,65
C131,Cluster3,74698,7998,62
E12,Cluster3,79271,8005,62
E191,Cluster3,15332,8007,62
E445,Cluster3,2614,8008,62
E238,Cluster3,64222,8021,64
C223,Cluster3,15488,8027,64
C8,Cluster3,69749,8032,61
C444,Cluster3,67229,8035,64
C191,Cluster3,62887,8038,62
C81,Cluster3,58154,8042,64
C239,Cluster3,65628,8053,64
E353,Cluster1,47435,8054,0
E511,Cluster3,58796,8054,65
E42,Cluster3,57832,8055,62
C9,Cluster3,77512,8056,64
C132,Cluster3,74817,8058,62
C225,Cluster3,15568,8060,63
E523,Cluster3,51031,8062,64
E43,Cluster1,21372,8064,0
E1,Cluster3,74286,8072,64
C194,Cluster3,62746,8084,62
E182,Cluster3,66316,8084,66
C222,Cluster3,15530,8092,64
C227,Cluster3,65793,8095,62
E339,Cluster3,64048,8097,62
E449,Cluster3,65569,8099,62
E446,Cluster3,15510,8110,62
E522,Cluster3,70142,8125,64
E281,Cluster3,65297,8129,64
E443,Cluster1,16473,8130,0
E241,Cluster2,63369,8141,65
C2,Cluster3,77591,8146,62
C219,Cluster3,65960,8148,65
E312,Cluster4,38999,8150,60
C231,Cluster3,17068,8161,64
E206,Cluster3,2551,8167,62
E243,Cluster2,63548,8172,65
E203,Cluster3,18129,8177,62
E526,Cluster3,17342,8192,64
E20,Cluster3,78571,8197,64
E190,Cluster3,67481,8216,62
C229,Cluster3,65640,8217,62
E529,Cluster3,16609,8218,62
E248,Cluster3,64947,8221,62
C228,Cluster3,65498,8228,62
E235,Cluster2,66406,8244,62
E502,Cluster3,70884,8249,62
E242,Cluster2,63997,8249,65
E201,Cluster3,58340,8256,62
E183,Cluster3,18278,8257,64
C206,Cluster3,11731,8262,59
E439,Cluster3,17959,8268,64
C97,Cluster2,76055,8281,63
E197,Cluster3,65564,8284,62
E247,Cluster3,69592,8286,62
C226,Cluster3,67798,8291,65
E501,Cluster3,17881,8343,64
C1,Cluster3,77408,8358,66
C143,Cluster2,76271,8364,63
C193,Cluster3,17687,8396,62
E244,Cluster2,64340,8405,65
E45,Cluster3,79442,8416,64
C142,Cluster3,78169,8449,66
C196,Cluster3,18062,8476,64
C141,Cluster3,78188,8508,66
C548,Cluster3,69334,8596,65
C241,Cluster3,16327,8749,64
C246,Cluster3,63622,8791,62
C243,Cluster3,70490,8873,66
E249,Cluster3,68002,8085,64
E461,Cluster3,65109,7265,64
E477,Cluster3,15295,7753,64
C138,Cluster3,62336,7772,64
E476,Cluster3,15304,7835,64
E475,Cluster3,15309,7868,64
C140,Cluster3,76510,7882,64
C139,Cluster1,5394,7902,0
C137,Cluster3,62544,7909,64
E595,Cluster4,59890,5705,64
E48,Cluster4,57366,6043,64
E44,Cluster4,57772,6096,64
E587,Cluster4,59204,6199,64
E517,Cluster3,46052,6242,64
C235,Cluster4,50815,6332,64
E198,Cluster4,55285,6359,64
E251,Cluster4,49828,6385,64
C249,Cluster4,49636,6425,64
E483,Cluster3,55145,6642,64
C230,Cluster3,55783,6705,62
C202,Cluster3,56067,6732,62
E223,Cluster3,56428,6757,62
E224,Cluster3,56168,6773,62
C248,Cluster3,11341,6794,63
E479,Cluster3,50501,6921,62
E256,Cluster3,56821,6971,62
C244,Cluster3,56090,7026,63
E569,Cluster4,68824,7046,64
E250,Cluster3,56493,7047,64
C247,Cluster3,56901,7124,63
E199,Cluster3,58732,7144,62
E46,Cluster3,65503,7217,64
E253,Cluster3,62720,7240,62
E258,Cluster3,64005,7466,62
C201,Cluster3,10348,7471,63
E259,Cluster3,64085,7491,62
C232,Cluster3,60040,7492,63
E257,Cluster3,63904,7493,62
E260,Cluster3,64007,7504,62
E252,Cluster3,61948,7639,62
E484,Cluster1,67206,7644,0
E288,Cluster3,63087,7686,62
C204,Cluster3,63492,7715,62
E489,Cluster3,51061,7742,63
E50,Cluster3,72407,7783,62
E200,Cluster3,62725,7863,62
C207,Cluster3,64074,7867,62
E337,Cluster3,50681,7980,64
E40,Cluster3,74372,8016,64
E460,Cluster3,66714,8023,63
E478,Cluster3,65642,8060,64
E586,Cluster3,73793,8076,62
C236,Cluster3,64573,8135,64
E521,Cluster3,64742,8166,64
E519,Cluster3,66416,8173,64
C208,Cluster3,11357,8177,63
E516,Cluster3,50873,8206,64
E173,Cluster3,67316,8208,64
E254,Cluster3,68455,8269,64
E171,Cluster3,67579,8295,64
E590,Cluster3,80807,8301,63
E255,Cluster3,66082,8312,64
E168,Cluster3,67462,8314,64
C197,Cluster3,67533,8600,64
C195,Cluster3,67632,8606,64
E500,Cluster3,74128,8808,64
E485,Cluster3,60827,6999,63
E471,Cluster3,58567,7010,62
E438,Cluster3,47563,7196,62
E464,Cluster3,47563,7196,62
E466,Cluster3,64157,7317,62
E465,Cluster3,31691,7352,62
E463,Cluster3,64264,7282,62