ID,cyp51A,Progeny of cross
R1,Wildtype,AB
R3,Wildtype,AB
R4,Wildtype,AB
R5,Wildtype,AB
R6,Wildtype,AB
R7,Wildtype,AB
R8,Wildtype,AB
R9,Wildtype,AB
R10,Wildtype,AB
R11,Wildtype,AB
R12,Wildtype,AB
R13,Wildtype,AB
R14,Wildtype,AB
R15,TR34/L98H,BC
R16,TR34/L98H,BC
R17,TR34/L98H,BC
R18,TR34/L98H,BC
R19,TR34/L98H,BC
R20,TR34/L98H,BC
R21,TR34/L98H,BC
R22,TR34/L98H,BC
R23,Wildtype,BC
R24,Wildtype,BC
R25,Wildtype,BC
R26,Wildtype,BC
R27,Wildtype,BC
R28,Wildtype,BC
R29,Wildtype,BC
R30,Wildtype,BC
E81,Wildtype,ParentA
E83,Wildtype,ParentB
E39,TR34/L98H,ParentC