Site,Ind,Cluster1,Cluster2,Cluster3,Cluster4,Cluster5
Africa,Africa01,0.075896,0.00001,0.00001,0.712396,0.211688
Africa,Africa02,0.740527,0.00001,0.259443,0.00001,0.00001
Asia,Asia03,0.00001,0.00001,0.00001,0.00001,0.99996
Asia,Asia02,0.030772,0.00001,0.002115,0.967094,0.00001
Asia,Asia01,0.032204,0.00001,0.000641,0.967135,0.00001
Asia,Asia04,0.637021,0.00001,0.00001,0.362949,0.00001
Australia,Australia13,0.00001,0.00001,0.00001,0.00001,0.99996
Australia,Australia21,0.00001,0.00001,0.00001,0.00001,0.99996
Australia,Australia05,0.00001,0.00001,0.00001,0.99996,0.00001
Australia,Australia01,0.00001,0.99996,0.00001,0.00001,0.00001
Australia,Australia04,0.00001,0.99996,0.00001,0.00001,0.00001
Australia,Australia08,0.00001,0.99996,0.00001,0.00001,0.00001
Australia,Australia09,0.00001,0.99996,0.00001,0.00001,0.00001
Australia,Australia06,0.000014,0.994398,0.00001,0.005568,0.00001
Australia,Australia14,0.039592,0.024387,0.00001,0.92698,0.009031
Australia,Australia07,0.100795,0.672809,0.000013,0.226373,0.00001
Australia,Australia10,0.172683,0.009085,0.00001,0.818212,0.00001
Australia,Australia19,0.336061,0.663909,0.00001,0.00001,0.00001
Australia,Australia17,0.336189,0.663781,0.00001,0.00001,0.00001
Australia,Australia02,0.469429,0.530534,0.000017,0.00001,0.00001
Australia,Australia11,0.552198,0.00001,0.00001,0.00001,0.447772
Australia,Australia03,0.654953,0.34495,0.00001,0.000078,0.00001
Australia,Australia16,0.668569,0.00001,0.301888,0.00001,0.029523
Australia,Australia18,0.715051,0.284919,0.00001,0.00001,0.00001
Australia,Australia20,0.718905,0.281065,0.00001,0.00001,0.00001
Australia,Australia15,0.721383,0.278587,0.00001,0.00001,0.00001
Australia,Australia12,0.72228,0.27769,0.00001,0.00001,0.00001
Australia,Australia22,0.781152,0.218818,0.00001,0.00001,0.00001
Belgium,Belgium01,0.00001,0.00001,0.00001,0.011867,0.988103
Belgium,Belgium02,0.042595,0.00001,0.957375,0.00001,0.00001
Belgium,Belgium03,0.138923,0.00001,0.00001,0.861047,0.00001
Belgium,Belgium04,0.145506,0.024835,0.023978,0.724498,0.081183
Belgium,Belgium05,0.183957,0.00001,0.009362,0.806661,0.00001
Belgium,Belgium06,0.227912,0.00001,0.00001,0.69552,0.076547
Belgium,Belgium07,0.248507,0.00001,0.070837,0.406486,0.27416
Belgium,Belgium08,0.388047,0.00001,0.00001,0.611922,0.00001
Brazil,Brazil01,0.37768,0.00001,0.00001,0.011586,0.610714
Brazil,Brazil02,0.707421,0.111773,0.00001,0.061512,0.119284
Brazil,Brazil03,0.909451,0.010889,0.00001,0.00001,0.07964
China,China01,0.070339,0.059801,0.017746,0.798993,0.053121
China,China02,0.992098,0.007871,0.000011,0.00001,0.00001
China,China03,0.99996,0.00001,0.00001,0.00001,0.00001
China,China04,0.99996,0.00001,0.00001,0.00001,0.00001
Colombia,Colombia01,0.053407,0.00001,0.00001,0.946563,0.00001
Colombia,Colombia02,0.077429,0.00001,0.00001,0.922541,0.00001
Colombia,Colombia03,0.099373,0.00001,0.00001,0.900597,0.00001
Colombia,Colombia04,0.150681,0.05104,0.00001,0.798259,0.00001
Colombia,Colombia05,0.605181,0.00001,0.00002,0.394779,0.00001
Colombia,Colombia06,0.928068,0.00123,0.00001,0.00001,0.070683
Colombia,Colombia07,0.992768,0.007202,0.00001,0.00001,0.00001
Cuba,Cuba01,0.07193,0.119167,0.000013,0.00001,0.808881
Cuba,Cuba02,0.074006,0.120567,0.000016,0.00001,0.805401
Denmark,Denmark01,0.602297,0.014437,0.054244,0.00001,0.329012
Ecuador,Ecuador01,0.99996,0.00001,0.00001,0.00001,0.00001
Europe,Europe01,0.00001,0.00001,0.418409,0.581561,0.00001
Europe,Europe02,0.00001,0.00001,0.673668,0.00001,0.326302
Europe,Europe03,0.00001,0.00001,0.675367,0.00001,0.324603
Europe,Europe04,0.00001,0.00001,0.675565,0.00001,0.324405
Europe,Europe05,0.00001,0.862303,0.00001,0.137667,0.00001
Europe,Europe06,0.025268,0.236214,0.0031,0.701403,0.034015
Europe,Europe07,0.132758,0.590561,0.00001,0.00001,0.276661
Europe,Europe08,0.635228,0.00001,0.364742,0.00001,0.00001
Europe,Europe09,0.667,0.285779,0.00001,0.024722,0.022489
Europe,Europe10,0.99996,0.00001,0.00001,0.00001,0.00001
France,France01,0.00001,0.01114,0.00001,0.98883,0.00001
France,France02,0.579806,0.076096,0.00001,0.00001,0.344078
Germany,Germany01,0.00001,0.00001,0.00001,0.788787,0.211183
Germany,Germany02,0.00001,0.00001,0.99996,0.00001,0.00001
Germany,Germany03,0.00001,0.281527,0.00001,0.718443,0.00001
Germany,Germany04,0.00001,0.281607,0.00001,0.687551,0.030822
Germany,Germany05,0.003667,0.00001,0.00001,0.996303,0.00001
Germany,Germany06,0.00579,0.00001,0.00001,0.99418,0.00001
Germany,Germany07,0.006014,0.00001,0.00001,0.993956,0.00001
Germany,Germany08,0.006078,0.00001,0.00001,0.993892,0.00001
Germany,Germany09,0.016283,0.00001,0.00001,0.983687,0.00001
Germany,Germany10,0.217426,0.00001,0.782544,0.00001,0.00001
Germany,Germany11,0.327083,0.064949,0.028404,0.066575,0.512989
Germany,Germany12,0.593094,0.00001,0.211762,0.00001,0.195124
Hungary,Hungary01,0.00001,0.00001,0.761255,0.00001,0.238715
Hungary,Hungary02,0.045047,0.019206,0.00001,0.931298,0.004439
Hungary,Hungary03,0.34862,0.08417,0.00001,0.05648,0.510719
Iceland,Iceland01,0.00001,0.00001,0.00001,0.830331,0.169639
Iceland,Iceland02,0.00001,0.00001,0.00001,0.830701,0.169269
Iceland,Iceland03,0.00001,0.00001,0.00001,0.83101,0.16896
Iceland,Iceland04,0.00001,0.00001,0.00001,0.832445,0.167525
Iceland,Iceland05,0.00001,0.00001,0.00001,0.92356,0.07641
Iceland,Iceland06,0.00001,0.00001,0.00001,0.970243,0.029727
Iceland,Iceland07,0.00001,0.00001,0.00001,0.99996,0.00001
Iceland,Iceland08,0.00001,0.00001,0.00001,0.99996,0.00001
Iceland,Iceland09,0.00001,0.00001,0.00001,0.99996,0.00001
Iceland,Iceland10,0.00001,0.00001,0.00001,0.99996,0.00001
Iceland,Iceland11,0.00001,0.00001,0.00001,0.99996,0.00001
Iceland,Iceland12,0.00001,0.000011,0.00001,0.999959,0.00001
Iceland,Iceland13,0.00722,0.00001,0.00001,0.99275,0.00001
Iceland,Iceland14,0.086926,0.913044,0.00001,0.00001,0.00001
Iceland,Iceland15,0.635691,0.00001,0.00001,0.364279,0.00001
India,India01,0.00001,0.00001,0.00001,0.00001,0.99996
India,India02,0.00001,0.00001,0.00001,0.00001,0.99996
India,India03,0.00001,0.00001,0.00001,0.00001,0.99996
India,India04,0.00001,0.00001,0.00001,0.99996,0.00001
India,India05,0.00001,0.00001,0.00001,0.99996,0.00001
India,India06,0.00001,0.00001,0.00001,0.99996,0.00001
India,India07,0.00001,0.00001,0.00001,0.99996,0.00001
India,India08,0.00001,0.000014,0.00001,0.999956,0.00001
India,India09,0.00001,0.013276,0.00001,0.086357,0.900347
India,India10,0.00001,0.169519,0.00001,0.442605,0.387856
India,India11,0.000019,0.194923,0.00001,0.417843,0.387206
India,India12,0.00147,0.192771,0.00001,0.400459,0.40529
India,India13,0.061022,0.030758,0.011156,0.881002,0.016062
India,India14,0.061824,0.035126,0.018318,0.854212,0.03052
India,India15,0.068466,0.024546,0.007703,0.875391,0.023895
India,India16,0.511598,0.145824,0.00001,0.309696,0.032872
India,India17,0.562712,0.437258,0.00001,0.00001,0.00001
India,India18,0.62673,0.051945,0.00001,0.00001,0.321305
India,India19,0.704338,0.00001,0.010638,0.285004,0.00001
India,India20,0.802271,0.103279,0.036348,0.058092,0.00001
India,India21,0.833335,0.166635,0.00001,0.00001,0.00001
India,India22,0.905319,0.094651,0.00001,0.00001,0.00001
India,India23,0.911103,0.00001,0.00001,0.00001,0.088867
India,India24,0.992897,0.007073,0.00001,0.00001,0.00001
India,India25,0.993588,0.006382,0.00001,0.00001,0.00001
Italy,Italy01,0.055881,0.00001,0.009167,0.904095,0.030847
Japan,Japan01,0.00001,0.00001,0.00001,0.99996,0.00001
Japan,Japan02,0.00001,0.00001,0.00001,0.99996,0.00001
Japan,Japan03,0.00001,0.00001,0.00001,0.99996,0.00001
Japan,Japan04,0.00001,0.00001,0.760157,0.00001,0.239813
Japan,Japan05,0.00001,0.617647,0.00001,0.382323,0.00001
Japan,Japan06,0.00001,0.930674,0.00002,0.00001,0.069287
Japan,Japan07,0.00001,0.999954,0.000016,0.00001,0.00001
Japan,Japan08,0.00001,0.99996,0.00001,0.00001,0.00001
Japan,Japan09,0.005702,0.00001,0.00001,0.971443,0.022835
Japan,Japan10,0.02186,0.026594,0.00001,0.951526,0.00001
Japan,Japan11,0.091706,0.874271,0.034003,0.00001,0.00001
Japan,Japan12,0.148294,0.764765,0.00001,0.086921,0.00001
Japan,Japan13,0.260811,0.007318,0.00001,0.400155,0.331706
Japan,Japan14,0.265477,0.734493,0.00001,0.00001,0.00001
Japan,Japan15,0.315934,0.104671,0.00001,0.056471,0.522914
Japan,Japan16,0.362736,0.00001,0.057934,0.00001,0.57931
Japan,Japan17,0.408289,0.591681,0.00001,0.00001,0.00001
Japan,Japan18,0.446236,0.00001,0.00001,0.00001,0.553734
Japan,Japan19,0.541521,0.144363,0.00001,0.027201,0.286905
Japan,Japan20,0.5551,0.44487,0.00001,0.00001,0.00001
Japan,Japan21,0.61357,0.338293,0.00001,0.00001,0.048117
Japan,Japan22,0.663145,0.02773,0.015118,0.009899,0.284109
Japan,Japan23,0.663849,0.08967,0.00001,0.00001,0.246461
Japan,Japan24,0.711648,0.271413,0.00001,0.011464,0.005465
Japan,Japan25,0.723179,0.276791,0.00001,0.00001,0.00001
Japan,Japan26,0.767552,0.228124,0.00001,0.00001,0.004304
Japan,Japan27,0.793793,0.199078,0.007109,0.00001,0.00001
Japan,Japan28,0.798417,0.194512,0.007051,0.00001,0.00001
Japan,Japan29,0.801262,0.198708,0.00001,0.00001,0.00001
Japan,Japan30,0.886913,0.046666,0.002541,0.021297,0.042583
Japan,Japan31,0.905223,0.00001,0.049851,0.00001,0.044906
Japan,Japan32,0.908724,0.085217,0.00001,0.006038,0.00001
Japan,Japan33,0.94188,0.04435,0.00001,0.007468,0.006292
Japan,Japan34,0.954351,0.045619,0.00001,0.00001,0.00001
Japan,Japan35,0.955528,0.00001,0.00001,0.00001,0.044442
Japan,Japan36,0.972218,0.027752,0.00001,0.00001,0.00001
Japan,Japan37,0.987165,0.00001,0.00001,0.002702,0.010113
Japan,Japan38,0.987541,0.012429,0.00001,0.00001,0.00001
Japan,Japan39,0.991483,0.00001,0.00001,0.00001,0.008487
Japan,Japan40,0.994864,0.005106,0.00001,0.00001,0.00001
Japan,Japan41,0.999951,0.00001,0.000019,0.00001,0.00001
Japan,Japan42,0.999951,0.00001,0.000019,0.00001,0.00001
Japan,Japan43,0.999959,0.000011,0.00001,0.00001,0.00001
Japan,Japan44,0.99996,0.00001,0.00001,0.00001,0.00001
Japan,Japan45,0.99996,0.00001,0.00001,0.00001,0.00001
Japan,Japan46,0.99996,0.00001,0.00001,0.00001,0.00001
Japan,Japan47,0.99996,0.00001,0.00001,0.00001,0.00001
Japan,Japan48,0.99996,0.00001,0.00001,0.00001,0.00001
Mauritius,Mauritius01,0.072189,0.121688,0.00001,0.00001,0.806104
Mexico,Mexico01,0.007972,0.030998,0.004534,0.956291,0.000205
Mexico,Mexico02,0.029781,0.00001,0.00001,0.955894,0.014306
Netherlands,Netherland01,0.00001,0.00001,0.00001,0.008897,0.991073
Netherlands,Netherland02,0.00001,0.00001,0.00001,0.030088,0.969882
Netherlands,Netherland03,0.00001,0.00001,0.00001,0.802385,0.197585
Netherlands,Netherland04,0.00001,0.00001,0.00001,0.803772,0.196198
Netherlands,Netherland05,0.00001,0.00001,0.00001,0.810316,0.189654
Netherlands,Netherland06,0.00001,0.00001,0.00001,0.826807,0.173163
Netherlands,Netherland07,0.00001,0.00001,0.00001,0.828402,0.171568
Netherlands,Netherland08,0.00001,0.00001,0.00001,0.829786,0.170184
Netherlands,Netherland09,0.00001,0.00001,0.00001,0.97765,0.02232
Netherlands,Netherland10,0.00001,0.00001,0.00001,0.99996,0.00001
Netherlands,Netherland11,0.00001,0.00001,0.00001,0.99996,0.00001
Netherlands,Netherland12,0.00001,0.00001,0.00001,0.99996,0.00001
Netherlands,Netherland13,0.00001,0.00001,0.00001,0.99996,0.00001
Netherlands,Netherland14,0.00001,0.00001,0.00001,0.99996,0.00001
Netherlands,Netherland15,0.00001,0.00001,0.00001,0.99996,0.00001
Netherlands,Netherland16,0.00001,0.00001,0.00001,0.99996,0.00001
Netherlands,Netherland17,0.00001,0.00001,0.00001,0.99996,0.00001
Netherlands,Netherland18,0.00001,0.00001,0.00001,0.99996,0.00001
Netherlands,Netherland19,0.00001,0.00001,0.00001,0.99996,0.00001
Netherlands,Netherland20,0.00001,0.00001,0.00001,0.99996,0.00001
Netherlands,Netherland21,0.00001,0.00001,0.00001,0.99996,0.00001
Netherlands,Netherland22,0.00001,0.00001,0.00001,0.99996,0.00001
Netherlands,Netherland23,0.00001,0.00001,0.00001,0.99996,0.00001
Netherlands,Netherland24,0.00001,0.00001,0.00001,0.99996,0.00001
Netherlands,Netherland25,0.00001,0.00001,0.000011,0.00001,0.999959
Netherlands,Netherland26,0.00001,0.00001,0.014152,0.985818,0.00001
Netherlands,Netherland27,0.00001,0.00001,0.028417,0.00001,0.971553
Netherlands,Netherland28,0.00001,0.00001,0.054406,0.945564,0.00001
Netherlands,Netherland29,0.00001,0.00001,0.120216,0.643037,0.236728
Netherlands,Netherland30,0.00001,0.00001,0.416267,0.583703,0.00001
Netherlands,Netherland31,0.00001,0.00001,0.602699,0.397271,0.00001
Netherlands,Netherland32,0.00001,0.00001,0.614096,0.385874,0.00001
Netherlands,Netherland33,0.00001,0.00001,0.615898,0.00001,0.384072
Netherlands,Netherland34,0.00001,0.000011,0.00001,0.828676,0.171293
Netherlands,Netherland35,0.00001,0.000011,0.00001,0.999959,0.00001
Netherlands,Netherland36,0.00001,0.000012,0.00001,0.999958,0.00001
Netherlands,Netherland37,0.00001,0.00002,0.00001,0.99995,0.00001
Netherlands,Netherland38,0.00001,0.032037,0.00001,0.967933,0.00001
Netherlands,Netherland39,0.00001,0.134645,0.258485,0.60685,0.00001
Netherlands,Netherland40,0.00001,0.138328,0.00001,0.861642,0.00001
Netherlands,Netherland41,0.00001,0.15521,0.053727,0.775984,0.015069
Netherlands,Netherland42,0.00001,0.699339,0.00001,0.300631,0.00001
Netherlands,Netherland43,0.00001,0.745894,0.00001,0.254076,0.00001
Netherlands,Netherland44,0.00001,0.893777,0.00001,0.106193,0.00001
Netherlands,Netherland45,0.00001,0.963307,0.00001,0.036663,0.00001
Netherlands,Netherland46,0.00001,0.99996,0.00001,0.00001,0.00001
Netherlands,Netherland47,0.00001,0.99996,0.00001,0.00001,0.00001
Netherlands,Netherland48,0.000012,0.00001,0.00001,0.999958,0.00001
Netherlands,Netherland49,0.000014,0.999956,0.00001,0.00001,0.00001
Netherlands,Netherland50,0.000016,0.00001,0.00001,0.791602,0.208362
Netherlands,Netherland51,0.002611,0.00001,0.00001,0.997359,0.00001
Netherlands,Netherland52,0.003396,0.014483,0.43753,0.544581,0.00001
Netherlands,Netherland53,0.006588,0.446896,0.00001,0.546496,0.00001
Netherlands,Netherland54,0.007005,0.39188,0.00001,0.601095,0.00001
Netherlands,Netherland55,0.012126,0.00001,0.146007,0.841847,0.00001
Netherlands,Netherland56,0.014112,0.00001,0.01054,0.975328,0.00001
Netherlands,Netherland57,0.015748,0.00001,0.017251,0.966981,0.00001
Netherlands,Netherland58,0.016575,0.00001,0.02195,0.961455,0.00001
Netherlands,Netherland59,0.018675,0.025319,0.00001,0.949792,0.006204
Netherlands,Netherland60,0.019448,0.00001,0.00001,0.980522,0.00001
Netherlands,Netherland61,0.019845,0.00001,0.002983,0.977152,0.00001
Netherlands,Netherland62,0.020918,0.076029,0.025714,0.640543,0.236796
Netherlands,Netherland63,0.023819,0.009977,0.000888,0.965306,0.00001
Netherlands,Netherland64,0.025394,0.00001,0.00001,0.974576,0.00001
Netherlands,Netherland65,0.027191,0.049458,0.143088,0.780253,0.00001
Netherlands,Netherland66,0.029713,0.03335,0.00001,0.748654,0.188273
Netherlands,Netherland67,0.03013,0.96984,0.00001,0.00001,0.00001
Netherlands,Netherland68,0.032246,0.00001,0.22257,0.745165,0.00001
Netherlands,Netherland69,0.039114,0.00001,0.00001,0.744242,0.216624
Netherlands,Netherland70,0.041011,0.847968,0.00001,0.111001,0.00001
Netherlands,Netherland71,0.045556,0.00001,0.00001,0.954414,0.00001
Netherlands,Netherland72,0.053855,0.017366,0.00001,0.923754,0.005016
Netherlands,Netherland73,0.061051,0.00001,0.00001,0.938919,0.00001
Netherlands,Netherland74,0.070767,0.001996,0.00001,0.927217,0.00001
Netherlands,Netherland75,0.075724,0.00001,0.00001,0.713932,0.210324
Netherlands,Netherland76,0.105525,0.00001,0.240816,0.653639,0.00001
Netherlands,Netherland77,0.124129,0.00001,0.00001,0.875841,0.00001
Netherlands,Netherland78,0.147107,0.00001,0.00001,0.852863,0.00001
Netherlands,Netherland79,0.153649,0.00001,0.00001,0.846321,0.00001
Netherlands,Netherland80,0.212837,0.00001,0.00001,0.536777,0.250367
Netherlands,Netherland81,0.222134,0.111799,0.00001,0.102638,0.563418
Netherlands,Netherland82,0.252016,0.00001,0.171249,0.576715,0.00001
Netherlands,Netherland83,0.255017,0.023387,0.026983,0.67283,0.021783
Netherlands,Netherland84,0.25709,0.006787,0.00001,0.736103,0.00001
Netherlands,Netherland85,0.303836,0.00001,0.00292,0.693224,0.00001
Netherlands,Netherland86,0.318947,0.00001,0.00002,0.681013,0.00001
Netherlands,Netherland87,0.391971,0.00001,0.00001,0.607999,0.00001
Netherlands,Netherland88,0.547834,0.145409,0.00001,0.028156,0.278591
Netherlands,Netherland89,0.595203,0.404757,0.000011,0.000018,0.00001
Netherlands,Netherland90,0.598976,0.397175,0.001491,0.002349,0.00001
Netherlands,Netherland91,0.634979,0.00001,0.00001,0.364991,0.00001
Netherlands,Netherland92,0.640303,0.00001,0.269381,0.00001,0.090295
Netherlands,Netherland93,0.710557,0.288263,0.00001,0.001159,0.00001
Netherlands,Netherland94,0.734051,0.00001,0.265919,0.00001,0.00001
Netherlands,Netherland95,0.762064,0.00001,0.00001,0.237906,0.00001
Netherlands,Netherland96,0.965323,0.00001,0.00001,0.034647,0.00001
Netherlands,Netherland97,0.96936,0.00001,0.00001,0.03061,0.00001
New Zealand,New Zealand01,0.00001,0.00001,0.00001,0.028128,0.971842
New Zealand,New Zealand02,0.00001,0.00001,0.00001,0.095169,0.904801
New Zealand,New Zealand03,0.00001,0.00001,0.00001,0.645903,0.354067
New Zealand,New Zealand04,0.00001,0.00001,0.00001,0.99996,0.00001
New Zealand,New Zealand05,0.00001,0.00001,0.00001,0.99996,0.00001
New Zealand,New Zealand06,0.00001,0.00001,0.00001,0.99996,0.00001
New Zealand,New Zealand07,0.00001,0.00001,0.00001,0.99996,0.00001
New Zealand,New Zealand08,0.00001,0.00001,0.00001,0.99996,0.00001
New Zealand,New Zealand09,0.00001,0.00001,0.00001,0.99996,0.00001
New Zealand,New Zealand10,0.00001,0.00001,0.00001,0.99996,0.00001
New Zealand,New Zealand11,0.00001,0.00001,0.00001,0.99996,0.00001
New Zealand,New Zealand12,0.00001,0.000014,0.000015,0.999951,0.00001
New Zealand,New Zealand13,0.00001,0.000016,0.00001,0.999954,0.00001
New Zealand,New Zealand14,0.00001,0.000017,0.00001,0.00001,0.999953
New Zealand,New Zealand15,0.00001,0.734703,0.00001,0.265267,0.00001
New Zealand,New Zealand16,0.00001,0.999954,0.000016,0.00001,0.00001
New Zealand,New Zealand17,0.00001,0.99996,0.00001,0.00001,0.00001
New Zealand,New Zealand18,0.000016,0.00001,0.00001,0.999954,0.00001
New Zealand,New Zealand19,0.000016,0.00001,0.00001,0.999954,0.00001
New Zealand,New Zealand20,0.000017,0.00001,0.00001,0.999953,0.00001
New Zealand,New Zealand21,0.022561,0.033925,0.00001,0.943494,0.00001
New Zealand,New Zealand22,0.023991,0.032484,0.00001,0.943505,0.00001
New Zealand,New Zealand23,0.084462,0.272686,0.205082,0.370766,0.067004
North America,North America 01,0.00001,0.00001,0.671333,0.00001,0.328637
Oceania,Oceania01,0.00001,0.00001,0.00001,0.99996,0.00001
Oceania,Oceania02,0.733053,0.243204,0.00001,0.023723,0.00001
Portugal,Portugal01,0.91874,0.065707,0.004131,0.011412,0.00001
Republic of Ireland,Republic of Ireland01,0.00001,0.00001,0.00001,0.024882,0.975088
Republic of Ireland,Republic of Ireland02,0.00001,0.00001,0.00001,0.629401,0.370569
Republic of Ireland,Republic of Ireland03,0.00001,0.00001,0.00001,0.801021,0.198949
Republic of Ireland,Republic of Ireland04,0.00001,0.00001,0.00001,0.801854,0.198116
Republic of Ireland,Republic of Ireland05,0.00001,0.00001,0.00001,0.830257,0.169713
Republic of Ireland,Republic of Ireland06,0.00001,0.00001,0.00001,0.99996,0.00001
Republic of Ireland,Republic of Ireland07,0.00001,0.00001,0.00001,0.99996,0.00001
Republic of Ireland,Republic of Ireland08,0.00001,0.00001,0.00001,0.99996,0.00001
Republic of Ireland,Republic of Ireland09,0.00001,0.00001,0.00001,0.99996,0.00001
Republic of Ireland,Republic of Ireland10,0.00001,0.00001,0.00001,0.99996,0.00001
Republic of Ireland,Republic of Ireland11,0.00001,0.00001,0.00001,0.99996,0.00001
Republic of Ireland,Republic of Ireland12,0.00001,0.00001,0.00001,0.99996,0.00001
Republic of Ireland,Republic of Ireland13,0.00001,0.00001,0.00001,0.99996,0.00001
Republic of Ireland,Republic of Ireland14,0.00001,0.00001,0.00001,0.99996,0.00001
Republic of Ireland,Republic of Ireland15,0.00001,0.00001,0.00001,0.99996,0.00001
Republic of Ireland,Republic of Ireland16,0.00001,0.00001,0.00001,0.99996,0.00001
Republic of Ireland,Republic of Ireland17,0.00001,0.00001,0.00001,0.99996,0.00001
Republic of Ireland,Republic of Ireland18,0.00001,0.00001,0.00001,0.99996,0.00001
Republic of Ireland,Republic of Ireland19,0.00001,0.00001,0.00001,0.99996,0.00001
Republic of Ireland,Republic of Ireland20,0.00001,0.00001,0.00001,0.99996,0.00001
Republic of Ireland,Republic of Ireland21,0.00001,0.00001,0.00001,0.99996,0.00001
Republic of Ireland,Republic of Ireland22,0.00001,0.00001,0.99996,0.00001,0.00001
Republic of Ireland,Republic of Ireland23,0.00001,0.00001,0.99996,0.00001,0.00001
Republic of Ireland,Republic of Ireland24,0.00001,0.00001,0.99996,0.00001,0.00001
Republic of Ireland,Republic of Ireland25,0.00001,0.00001,0.99996,0.00001,0.00001
Republic of Ireland,Republic of Ireland26,0.00001,0.00001,0.99996,0.00001,0.00001
Republic of Ireland,Republic of Ireland27,0.00001,0.000012,0.00001,0.785082,0.214886
Republic of Ireland,Republic of Ireland28,0.00001,0.000014,0.00001,0.999956,0.00001
Republic of Ireland,Republic of Ireland29,0.00001,0.000017,0.00001,0.999953,0.00001
Republic of Ireland,Republic of Ireland30,0.00001,0.007772,0.002632,0.989576,0.00001
Republic of Ireland,Republic of Ireland31,0.00001,0.097869,0.149372,0.35697,0.395779
Republic of Ireland,Republic of Ireland32,0.00001,0.110514,0.150913,0.738553,0.00001
Republic of Ireland,Republic of Ireland33,0.00001,0.126088,0.25681,0.617083,0.00001
Republic of Ireland,Republic of Ireland34,0.00001,0.126982,0.26362,0.609378,0.00001
Republic of Ireland,Republic of Ireland35,0.00001,0.127054,0.261033,0.611893,0.00001
Republic of Ireland,Republic of Ireland36,0.00001,0.127705,0.259602,0.612672,0.00001
Republic of Ireland,Republic of Ireland37,0.00001,0.127874,0.262917,0.609189,0.00001
Republic of Ireland,Republic of Ireland38,0.00001,0.128831,0.257879,0.61327,0.00001
Republic of Ireland,Republic of Ireland39,0.00001,0.129368,0.261274,0.609338,0.00001
Republic of Ireland,Republic of Ireland40,0.00001,0.13471,0.258943,0.606327,0.00001
Republic of Ireland,Republic of Ireland41,0.00001,0.135653,0.26132,0.603007,0.00001
Republic of Ireland,Republic of Ireland42,0.00001,0.137931,0.00001,0.862039,0.00001
Republic of Ireland,Republic of Ireland43,0.00001,0.138741,0.256409,0.60483,0.00001
Republic of Ireland,Republic of Ireland44,0.00001,0.139681,0.260116,0.600183,0.00001
Republic of Ireland,Republic of Ireland45,0.00001,0.696557,0.00001,0.238067,0.065356
Republic of Ireland,Republic of Ireland46,0.00001,0.781823,0.00001,0.218147,0.00001
Republic of Ireland,Republic of Ireland47,0.00001,0.782279,0.00001,0.217691,0.00001
Republic of Ireland,Republic of Ireland48,0.00001,0.999952,0.000018,0.00001,0.00001
Republic of Ireland,Republic of Ireland49,0.00001,0.99996,0.00001,0.00001,0.00001
Republic of Ireland,Republic of Ireland50,0.00001,0.99996,0.00001,0.00001,0.00001
Republic of Ireland,Republic of Ireland51,0.00001,0.99996,0.00001,0.00001,0.00001
Republic of Ireland,Republic of Ireland52,0.00001,0.99996,0.00001,0.00001,0.00001
Republic of Ireland,Republic of Ireland53,0.00001,0.99996,0.00001,0.00001,0.00001
Republic of Ireland,Republic of Ireland54,0.00001,0.99996,0.00001,0.00001,0.00001
Republic of Ireland,Republic of Ireland55,0.000013,0.00001,0.00001,0.999957,0.00001
Republic of Ireland,Republic of Ireland56,0.000014,0.999956,0.00001,0.00001,0.00001
Republic of Ireland,Republic of Ireland57,0.000234,0.025664,0.085531,0.88856,0.00001
Republic of Ireland,Republic of Ireland58,0.021426,0.978544,0.00001,0.00001,0.00001
Republic of Ireland,Republic of Ireland59,0.023115,0.976855,0.00001,0.00001,0.00001
Republic of Ireland,Republic of Ireland60,0.024282,0.16055,0.00001,0.815148,0.00001
Republic of Ireland,Republic of Ireland61,0.03418,0.866932,0.00001,0.019621,0.079257
Republic of Ireland,Republic of Ireland62,0.046361,0.00001,0.00001,0.953609,0.00001
Republic of Ireland,Republic of Ireland63,0.057206,0.942759,0.000016,0.00001,0.00001
Republic of Ireland,Republic of Ireland64,0.060269,0.808784,0.00001,0.130927,0.00001
Republic of Ireland,Republic of Ireland65,0.068895,0.773763,0.00001,0.111268,0.046064
Republic of Ireland,Republic of Ireland66,0.083254,0.916716,0.00001,0.00001,0.00001
Republic of Ireland,Republic of Ireland67,0.085893,0.914077,0.00001,0.00001,0.00001
Republic of Ireland,Republic of Ireland68,0.086123,0.913847,0.00001,0.00001,0.00001
Republic of Ireland,Republic of Ireland69,0.090144,0.024478,0.00001,0.885358,0.00001
Republic of Ireland,Republic of Ireland70,0.181007,0.00001,0.032866,0.786107,0.00001
Republic of Ireland,Republic of Ireland71,0.197552,0.00001,0.802418,0.00001,0.00001
Republic of Ireland,Republic of Ireland72,0.231429,0.188678,0.00001,0.00001,0.579873
Republic of Ireland,Republic of Ireland73,0.235146,0.188275,0.00001,0.00001,0.576559
Republic of Ireland,Republic of Ireland74,0.257472,0.728192,0.014316,0.00001,0.00001
Republic of Ireland,Republic of Ireland75,0.283332,0.00001,0.056666,0.652901,0.007091
Republic of Ireland,Republic of Ireland76,0.293965,0.052319,0.00001,0.00001,0.653696
Republic of Ireland,Republic of Ireland77,0.33471,0.030904,0.00001,0.634366,0.00001
Republic of Ireland,Republic of Ireland78,0.335319,0.031753,0.00001,0.632908,0.00001
Republic of Ireland,Republic of Ireland79,0.33561,0.032672,0.00001,0.631698,0.00001
Republic of Ireland,Republic of Ireland80,0.337811,0.029166,0.00001,0.633003,0.00001
Republic of Ireland,Republic of Ireland81,0.337959,0.029976,0.00001,0.632044,0.00001
Republic of Ireland,Republic of Ireland82,0.338641,0.026355,0.00001,0.634984,0.00001
Republic of Ireland,Republic of Ireland83,0.497599,0.237806,0.00001,0.00001,0.264575
Republic of Ireland,Republic of Ireland84,0.635199,0.00001,0.00001,0.364771,0.00001
Republic of Ireland,Republic of Ireland85,0.636008,0.00001,0.00001,0.363962,0.00001
Republic of Ireland,Republic of Ireland86,0.67876,0.298144,0.00001,0.023076,0.00001
Republic of Ireland,Republic of Ireland87,0.681702,0.294959,0.00001,0.023319,0.00001
Republic of Ireland,Republic of Ireland88,0.687336,0.284326,0.00001,0.028319,0.00001
Republic of Ireland,Republic of Ireland89,0.69579,0.076735,0.227448,0.000018,0.00001
Republic of Ireland,Republic of Ireland90,0.720813,0.009629,0.00001,0.00001,0.269538
Republic of Ireland,Republic of Ireland91,0.728836,0.271134,0.00001,0.00001,0.00001
Republic of Ireland,Republic of Ireland92,0.75159,0.24838,0.00001,0.00001,0.00001
Republic of Ireland,Republic of Ireland93,0.752762,0.247208,0.00001,0.00001,0.00001
Republic of Ireland,Republic of Ireland94,0.754894,0.245076,0.00001,0.00001,0.00001
Republic of Ireland,Republic of Ireland95,0.775906,0.00001,0.00001,0.00001,0.224064
Republic of Ireland,Republic of Ireland96,0.817011,0.177515,0.00001,0.005317,0.000147
Republic of Ireland,Republic of Ireland97,0.874933,0.12503,0.000017,0.00001,0.00001
Republic of Ireland,Republic of Ireland98,0.876749,0.123221,0.00001,0.00001,0.00001
Republic of Ireland,Republic of Ireland99,0.884553,0.115417,0.00001,0.00001,0.00001
Republic of Ireland,Republic of Ireland100,0.917379,0.00001,0.078697,0.00001,0.003905
Russia,Russia01,0.014657,0.001844,0.00001,0.642134,0.341356
Russia,Russia02,0.015297,0.00001,0.00001,0.97701,0.007673
South Africa,South Africa01,0.011793,0.034274,0.010137,0.939325,0.004472
South Africa,South Africa02,0.045972,0.009445,0.005039,0.939534,0.00001
South Africa,South Africa03,0.814774,0.185196,0.00001,0.00001,0.00001
South Africa,South Africa04,0.99996,0.00001,0.00001,0.00001,0.00001
South Africa,South Africa05,0.144996,0.854974,0.00001,0.00001,0.00001
South America,South America01,0.00001,0.00001,0.673981,0.00001,0.325989
South America,South America02,0.074447,0.00001,0.00001,0.714378,0.211155
South America,South America03,0.076038,0.00001,0.00001,0.713222,0.21072
Sri Lanka,Sri Lanka01,0.00001,0.043542,0.682475,0.012338,0.261635
Sri Lanka,Sri Lanka02,0.99996,0.00001,0.00001,0.00001,0.00001
Taiwan ,Taiwan01,0.00001,0.00001,0.00001,0.00001,0.99996
Taiwan ,Taiwan02,0.00001,0.00001,0.00001,0.786791,0.213179
Taiwan ,Taiwan03,0.00001,0.00001,0.00001,0.99996,0.00001
Taiwan ,Taiwan04,0.00001,0.13445,0.26005,0.605479,0.00001
Taiwan ,Taiwan05,0.067178,0.032218,0.00001,0.260227,0.640368
Taiwan ,Taiwan06,0.117154,0.064034,0.00793,0.00001,0.810872
Taiwan ,Taiwan07,0.193621,0.117392,0.00001,0.189065,0.499912
Taiwan ,Taiwan08,0.206913,0.083934,0.00001,0.234461,0.474682
Taiwan ,Taiwan09,0.245388,0.052163,0.00001,0.321385,0.381053
Taiwan ,Taiwan10,0.978137,0.021833,0.00001,0.00001,0.00001
Tanzania,Tanzania01,0.00001,0.012591,0.71218,0.040032,0.235187
Tanzania,Tanzania02,0.00001,0.170212,0.00001,0.43432,0.395448
Tanzania,Tanzania03,0.291211,0.11034,0.00001,0.035857,0.562583
Thailand,Tanzania04,0.00001,0.00001,0.060405,0.00001,0.939565
Thailand,Tanzania05,0.00001,0.00001,0.99996,0.00001,0.00001
Thailand,Tanzania06,0.00001,0.00001,0.99996,0.00001,0.00001
Thailand,Tanzania07,0.022975,0.004193,0.003618,0.969204,0.00001
Thailand,Tanzania08,0.18668,0.6784,0.00001,0.128683,0.006227
Tunisia,Tunisia01,0.876432,0.00001,0.020277,0.018691,0.08459
UK,UK01,0.00001,0.00001,0.00001,0.00001,0.99996
UK,UK02,0.00001,0.00001,0.00001,0.00001,0.99996
UK,UK03,0.00001,0.00001,0.00001,0.00001,0.99996
UK,UK04,0.00001,0.00001,0.00001,0.00001,0.99996
UK,UK05,0.00001,0.00001,0.00001,0.00001,0.99996
UK,UK06,0.00001,0.00001,0.00001,0.00001,0.99996
UK,UK07,0.00001,0.00001,0.00001,0.00001,0.99996
UK,UK08,0.00001,0.00001,0.00001,0.00001,0.99996
UK,UK09,0.00001,0.00001,0.00001,0.00001,0.99996
UK,UK10,0.00001,0.00001,0.00001,0.00001,0.99996
UK,UK11,0.00001,0.00001,0.00001,0.00001,0.99996
UK,UK12,0.00001,0.00001,0.00001,0.046242,0.953728
UK,UK13,0.00001,0.00001,0.00001,0.235254,0.764716
UK,UK14,0.00001,0.00001,0.00001,0.283711,0.716259
UK,UK15,0.00001,0.00001,0.00001,0.28737,0.7126
UK,UK16,0.00001,0.00001,0.00001,0.652054,0.347916
UK,UK17,0.00001,0.00001,0.00001,0.744423,0.255547
UK,UK18,0.00001,0.00001,0.00001,0.783595,0.216375
UK,UK19,0.00001,0.00001,0.00001,0.800624,0.199346
UK,UK20,0.00001,0.00001,0.00001,0.803504,0.196466
UK,UK21,0.00001,0.00001,0.00001,0.804088,0.195882
UK,UK22,0.00001,0.00001,0.00001,0.804852,0.195118
UK,UK23,0.00001,0.00001,0.00001,0.807398,0.192572
UK,UK24,0.00001,0.00001,0.00001,0.821407,0.178563
UK,UK25,0.00001,0.00001,0.00001,0.824838,0.175132
UK,UK26,0.00001,0.00001,0.00001,0.825766,0.174204
UK,UK27,0.00001,0.00001,0.00001,0.825887,0.174083
UK,UK28,0.00001,0.00001,0.00001,0.826292,0.173678
UK,UK29,0.00001,0.00001,0.00001,0.829472,0.170498
UK,UK30,0.00001,0.00001,0.00001,0.831777,0.168193
UK,UK31,0.00001,0.00001,0.00001,0.834927,0.165043
UK,UK32,0.00001,0.00001,0.00001,0.836347,0.163623
UK,UK33,0.00001,0.00001,0.00001,0.842405,0.157565
UK,UK34,0.00001,0.00001,0.00001,0.965041,0.034929
UK,UK35,0.00001,0.00001,0.00001,0.968618,0.031352
UK,UK36,0.00001,0.00001,0.00001,0.978727,0.021243
UK,UK37,0.00001,0.00001,0.00001,0.982615,0.017355
UK,UK38,0.00001,0.00001,0.00001,0.98373,0.01624
UK,UK39,0.00001,0.00001,0.00001,0.989571,0.010399
UK,UK40,0.00001,0.00001,0.00001,0.99996,0.00001
UK,UK41,0.00001,0.00001,0.00001,0.99996,0.00001
UK,UK42,0.00001,0.00001,0.00001,0.99996,0.00001
UK,UK43,0.00001,0.00001,0.00001,0.99996,0.00001
UK,UK44,0.00001,0.00001,0.00001,0.99996,0.00001
UK,UK45,0.00001,0.00001,0.00001,0.99996,0.00001
UK,UK46,0.00001,0.00001,0.00001,0.99996,0.00001
UK,UK47,0.00001,0.00001,0.00001,0.99996,0.00001
UK,UK48,0.00001,0.00001,0.00001,0.99996,0.00001
UK,UK49,0.00001,0.00001,0.00001,0.99996,0.00001
UK,UK50,0.00001,0.00001,0.00001,0.99996,0.00001
UK,UK51,0.00001,0.00001,0.00001,0.99996,0.00001
UK,UK52,0.00001,0.00001,0.00001,0.99996,0.00001
UK,UK53,0.00001,0.00001,0.00001,0.99996,0.00001
UK,UK54,0.00001,0.00001,0.00001,0.99996,0.00001
UK,UK55,0.00001,0.00001,0.00001,0.99996,0.00001
UK,UK56,0.00001,0.00001,0.00001,0.99996,0.00001
UK,UK57,0.00001,0.00001,0.00001,0.99996,0.00001
UK,UK58,0.00001,0.00001,0.00001,0.99996,0.00001
UK,UK59,0.00001,0.00001,0.00001,0.99996,0.00001
UK,UK60,0.00001,0.00001,0.00001,0.99996,0.00001
UK,UK61,0.00001,0.00001,0.00001,0.99996,0.00001
UK,UK62,0.00001,0.00001,0.00001,0.99996,0.00001
UK,UK63,0.00001,0.00001,0.00001,0.99996,0.00001
UK,UK64,0.00001,0.00001,0.00001,0.99996,0.00001
UK,UK65,0.00001,0.00001,0.00001,0.99996,0.00001
UK,UK66,0.00001,0.00001,0.00001,0.99996,0.00001
UK,UK67,0.00001,0.00001,0.00001,0.99996,0.00001
UK,UK68,0.00001,0.00001,0.00001,0.99996,0.00001
UK,UK69,0.00001,0.00001,0.00001,0.99996,0.00001
UK,UK70,0.00001,0.00001,0.00001,0.99996,0.00001
UK,UK71,0.00001,0.00001,0.00001,0.99996,0.00001
UK,UK72,0.00001,0.00001,0.00001,0.99996,0.00001
UK,UK73,0.00001,0.00001,0.00001,0.99996,0.00001
UK,UK74,0.00001,0.00001,0.00001,0.99996,0.00001
UK,UK75,0.00001,0.00001,0.00001,0.99996,0.00001
UK,UK76,0.00001,0.00001,0.00001,0.99996,0.00001
UK,UK77,0.00001,0.00001,0.00001,0.99996,0.00001
UK,UK78,0.00001,0.00001,0.00001,0.99996,0.00001
UK,UK79,0.00001,0.00001,0.020495,0.979475,0.00001
UK,UK80,0.00001,0.00001,0.021099,0.978871,0.00001
UK,UK81,0.00001,0.00001,0.02557,0.9744,0.00001
UK,UK82,0.00001,0.00001,0.237597,0.00001,0.762373
UK,UK83,0.00001,0.00001,0.270744,0.00001,0.729226
UK,UK84,0.00001,0.00001,0.613854,0.386116,0.00001
UK,UK85,0.00001,0.00001,0.655828,0.344142,0.00001
UK,UK86,0.00001,0.00001,0.674502,0.00001,0.325468
UK,UK87,0.00001,0.00001,0.675101,0.00001,0.324869
UK,UK88,0.00001,0.00001,0.721869,0.00001,0.278101
UK,UK89,0.00001,0.00001,0.967583,0.00001,0.032387
UK,UK90,0.00001,0.00001,0.999953,0.000017,0.00001
UK,UK91,0.00001,0.00001,0.99996,0.00001,0.00001
UK,UK92,0.00001,0.00001,0.99996,0.00001,0.00001
UK,UK93,0.00001,0.00001,0.99996,0.00001,0.00001
UK,UK94,0.00001,0.00001,0.99996,0.00001,0.00001
UK,UK95,0.00001,0.00001,0.99996,0.00001,0.00001
UK,UK96,0.00001,0.00001,0.99996,0.00001,0.00001
UK,UK97,0.00001,0.00001,0.99996,0.00001,0.00001
UK,UK98,0.00001,0.00001,0.99996,0.00001,0.00001
UK,UK99,0.00001,0.00001,0.99996,0.00001,0.00001
UK,UK100,0.00001,0.00001,0.99996,0.00001,0.00001
UK,UK101,0.00001,0.00001,0.99996,0.00001,0.00001
UK,UK102,0.00001,0.00001,0.99996,0.00001,0.00001
UK,UK103,0.00001,0.00001,0.99996,0.00001,0.00001
UK,UK104,0.00001,0.00001,0.99996,0.00001,0.00001
UK,UK105,0.00001,0.00001,0.99996,0.00001,0.00001
UK,UK106,0.00001,0.00001,0.99996,0.00001,0.00001
UK,UK107,0.00001,0.00001,0.99996,0.00001,0.00001
UK,UK108,0.00001,0.00001,0.99996,0.00001,0.00001
UK,UK109,0.00001,0.00001,0.99996,0.00001,0.00001
UK,UK110,0.00001,0.00001,0.99996,0.00001,0.00001
UK,UK111,0.00001,0.00001,0.99996,0.00001,0.00001
UK,UK112,0.00001,0.00001,0.99996,0.00001,0.00001
UK,UK113,0.00001,0.00001,0.99996,0.00001,0.00001
UK,UK114,0.00001,0.00001,0.99996,0.00001,0.00001
UK,UK115,0.00001,0.00001,0.99996,0.00001,0.00001
UK,UK116,0.00001,0.00001,0.99996,0.00001,0.00001
UK,UK117,0.00001,0.00001,0.99996,0.00001,0.00001
UK,UK118,0.00001,0.00001,0.99996,0.00001,0.00001
UK,UK119,0.00001,0.00001,0.99996,0.00001,0.00001
UK,UK120,0.00001,0.00001,0.99996,0.00001,0.00001
UK,UK121,0.00001,0.000011,0.00001,0.999959,0.00001
UK,UK122,0.00001,0.000012,0.00001,0.999958,0.00001
UK,UK123,0.00001,0.000014,0.00001,0.781405,0.21856
UK,UK124,0.00001,0.000014,0.00001,0.999956,0.00001
UK,UK125,0.00001,0.000015,0.00001,0.999955,0.00001
UK,UK126,0.00001,0.000015,0.999955,0.00001,0.00001
UK,UK127,0.00001,0.000017,0.00001,0.999953,0.00001
UK,UK128,0.00001,0.000017,0.00001,0.999953,0.00001
UK,UK129,0.00001,0.000017,0.00001,0.999953,0.00001
UK,UK130,0.00001,0.000017,0.00001,0.999953,0.00001
UK,UK131,0.00001,0.000019,0.00001,0.999951,0.00001
UK,UK132,0.00001,0.00002,0.00001,0.99995,0.00001
UK,UK133,0.00001,0.002977,0.00001,0.996993,0.00001
UK,UK134,0.00001,0.046181,0.047262,0.906537,0.00001
UK,UK135,0.00001,0.059095,0.00001,0.557892,0.382993
UK,UK136,0.00001,0.067689,0.00001,0.00001,0.932281
UK,UK137,0.00001,0.117154,0.342297,0.540529,0.00001
UK,UK138,0.00001,0.123763,0.419343,0.456874,0.00001
UK,UK139,0.00001,0.124531,0.00001,0.596518,0.278931
UK,UK140,0.00001,0.129369,0.257834,0.612777,0.00001
UK,UK141,0.00001,0.129887,0.260001,0.610092,0.00001
UK,UK142,0.00001,0.139662,0.257707,0.602611,0.00001
UK,UK143,0.00001,0.147628,0.00001,0.660028,0.192324
UK,UK144,0.00001,0.156735,0.112816,0.433051,0.297388
UK,UK145,0.00001,0.200264,0.155664,0.644052,0.00001
UK,UK146,0.00001,0.200534,0.156032,0.643414,0.00001
UK,UK147,0.00001,0.249456,0.001274,0.74549,0.003771
UK,UK148,0.00001,0.281995,0.00001,0.717975,0.00001
UK,UK149,0.00001,0.283355,0.00001,0.716615,0.00001
UK,UK150,0.00001,0.28362,0.00001,0.71635,0.00001
UK,UK151,0.00001,0.29055,0.00001,0.70942,0.00001
UK,UK152,0.00001,0.311241,0.000014,0.00001,0.688726
UK,UK153,0.00001,0.312272,0.00001,0.00001,0.687698
UK,UK154,0.00001,0.388338,0.000017,0.00001,0.611625
UK,UK155,0.00001,0.514231,0.00001,0.485739,0.00001
UK,UK156,0.00001,0.616361,0.00001,0.383609,0.00001
UK,UK157,0.00001,0.637054,0.00001,0.128949,0.233978
UK,UK158,0.00001,0.695287,0.00001,0.304683,0.00001
UK,UK159,0.00001,0.734438,0.00001,0.260943,0.004599
UK,UK160,0.00001,0.754226,0.00001,0.245744,0.00001
UK,UK161,0.00001,0.776199,0.00001,0.223771,0.00001
UK,UK162,0.00001,0.78276,0.00805,0.209169,0.00001
UK,UK163,0.00001,0.834835,0.00001,0.00001,0.165135
UK,UK164,0.00001,0.889873,0.00001,0.110097,0.00001
UK,UK165,0.00001,0.904936,0.00001,0.00001,0.095034
UK,UK166,0.00001,0.92199,0.00001,0.00001,0.07798
UK,UK167,0.00001,0.949055,0.050915,0.00001,0.00001
UK,UK168,0.00001,0.976085,0.023885,0.00001,0.00001
UK,UK169,0.00001,0.976482,0.023488,0.00001,0.00001
UK,UK170,0.00001,0.978047,0.021923,0.00001,0.00001
UK,UK171,0.00001,0.980027,0.00001,0.00001,0.019943
UK,UK172,0.00001,0.983039,0.00001,0.016931,0.00001
UK,UK173,0.00001,0.993857,0.000017,0.006106,0.00001
UK,UK174,0.00001,0.99996,0.00001,0.00001,0.00001
UK,UK175,0.00001,0.99996,0.00001,0.00001,0.00001
UK,UK176,0.00001,0.99996,0.00001,0.00001,0.00001
UK,UK177,0.00001,0.99996,0.00001,0.00001,0.00001
UK,UK178,0.00001,0.99996,0.00001,0.00001,0.00001
UK,UK179,0.00001,0.99996,0.00001,0.00001,0.00001
UK,UK180,0.00001,0.99996,0.00001,0.00001,0.00001
UK,UK181,0.00001,0.99996,0.00001,0.00001,0.00001
UK,UK182,0.00001,0.99996,0.00001,0.00001,0.00001
UK,UK183,0.00001,0.99996,0.00001,0.00001,0.00001
UK,UK184,0.00001,0.99996,0.00001,0.00001,0.00001
UK,UK185,0.00001,0.99996,0.00001,0.00001,0.00001
UK,UK186,0.00001,0.99996,0.00001,0.00001,0.00001
UK,UK187,0.00001,0.99996,0.00001,0.00001,0.00001
UK,UK188,0.00001,0.99996,0.00001,0.00001,0.00001
UK,UK189,0.00001,0.99996,0.00001,0.00001,0.00001
UK,UK190,0.000011,0.00001,0.00001,0.999959,0.00001
UK,UK191,0.000011,0.000019,0.00001,0.825811,0.17415
UK,UK192,0.000012,0.00001,0.00001,0.385482,0.614486
UK,UK193,0.000012,0.00001,0.00001,0.82727,0.172699
UK,UK194,0.000012,0.00001,0.00001,0.835123,0.164845
UK,UK195,0.000012,0.00001,0.999958,0.00001,0.00001
UK,UK196,0.000013,0.00001,0.00001,0.783016,0.216951
UK,UK197,0.000013,0.00001,0.999957,0.00001,0.00001
UK,UK198,0.000016,0.00001,0.00001,0.314672,0.685292
UK,UK199,0.000016,0.000011,0.00001,0.999953,0.00001
UK,UK200,0.000016,0.999954,0.00001,0.00001,0.00001
UK,UK201,0.000018,0.00001,0.00001,0.818852,0.18111
UK,UK202,0.000019,0.00001,0.00001,0.799285,0.200677
UK,UK203,0.001484,0.98519,0.00001,0.00001,0.013306
UK,UK204,0.001573,0.00001,0.003531,0.994876,0.00001
UK,UK205,0.002097,0.265156,0.00001,0.732727,0.00001
UK,UK206,0.004188,0.263381,0.00001,0.73241,0.00001
UK,UK207,0.004924,0.236554,0.00001,0.758502,0.00001
UK,UK208,0.00753,0.00001,0.037955,0.954495,0.00001
UK,UK209,0.008252,0.263389,0.00001,0.725743,0.002605
UK,UK210,0.010189,0.013374,0.00001,0.976417,0.00001
UK,UK211,0.01039,0.98958,0.00001,0.00001,0.00001
UK,UK212,0.010425,0.77644,0.055574,0.157551,0.00001
UK,UK213,0.011207,0.011777,0.00001,0.976996,0.00001
UK,UK214,0.019135,0.00001,0.00001,0.00001,0.980835
UK,UK215,0.025562,0.974408,0.00001,0.00001,0.00001
UK,UK216,0.02795,0.115646,0.00001,0.856384,0.00001
UK,UK217,0.031113,0.029348,0.00001,0.939519,0.00001
UK,UK218,0.03147,0.00001,0.00001,0.78041,0.1881
UK,UK219,0.03184,0.00001,0.00001,0.8724,0.09574
UK,UK220,0.033539,0.014327,0.021758,0.922303,0.008072
UK,UK221,0.03408,0.718438,0.00001,0.247462,0.00001
UK,UK222,0.036817,0.00001,0.00001,0.00001,0.963153
UK,UK223,0.038549,0.961421,0.00001,0.00001,0.00001
UK,UK224,0.045654,0.007498,0.00001,0.946828,0.00001
UK,UK225,0.046038,0.00001,0.086299,0.147536,0.720117
UK,UK226,0.049176,0.537094,0.00001,0.41371,0.00001
UK,UK227,0.049488,0.011267,0.00001,0.649591,0.289644
UK,UK228,0.05184,0.00001,0.00001,0.94813,0.00001
UK,UK229,0.05184,0.00001,0.00001,0.94813,0.00001
UK,UK230,0.053417,0.00001,0.00001,0.946553,0.00001
UK,UK231,0.054439,0.00001,0.00001,0.945531,0.00001
UK,UK232,0.056226,0.246326,0.00001,0.697428,0.00001
UK,UK233,0.056655,0.811294,0.00001,0.13203,0.00001
UK,UK234,0.057834,0.907905,0.000013,0.00001,0.034238
UK,UK235,0.058078,0.00001,0.002425,0.939477,0.00001
UK,UK236,0.058657,0.810847,0.00001,0.130476,0.00001
UK,UK237,0.06608,0.80698,0.00001,0.126919,0.00001
UK,UK238,0.075679,0.00001,0.00001,0.00001,0.924291
UK,UK239,0.078245,0.00001,0.00001,0.00001,0.921725
UK,UK240,0.080969,0.070202,0.00001,0.848809,0.00001
UK,UK241,0.092978,0.906992,0.00001,0.00001,0.00001
UK,UK242,0.094586,0.90538,0.000014,0.00001,0.00001
UK,UK243,0.102091,0.00001,0.577133,0.00001,0.320756
UK,UK244,0.103341,0.876097,0.00001,0.00001,0.020541
UK,UK245,0.104614,0.00001,0.00001,0.895356,0.00001
UK,UK246,0.110686,0.889284,0.00001,0.00001,0.00001
UK,UK247,0.110868,0.220614,0.00001,0.668498,0.00001
UK,UK248,0.111194,0.009031,0.00001,0.635576,0.244189
UK,UK249,0.114363,0.00001,0.00001,0.840591,0.045026
UK,UK250,0.11529,0.170353,0.00001,0.708814,0.005533
UK,UK251,0.11534,0.88463,0.00001,0.00001,0.00001
UK,UK252,0.116001,0.023643,0.062126,0.798219,0.00001
UK,UK253,0.119397,0.880573,0.00001,0.00001,0.00001
UK,UK254,0.121768,0.025043,0.505168,0.34801,0.00001
UK,UK255,0.123928,0.876042,0.00001,0.00001,0.00001
UK,UK256,0.125939,0.810535,0.00001,0.00001,0.063506
UK,UK257,0.127758,0.630213,0.00001,0.00001,0.242009
UK,UK258,0.129136,0.839317,0.00001,0.031527,0.00001
UK,UK259,0.129402,0.00001,0.463839,0.406739,0.00001
UK,UK260,0.13061,0.86936,0.00001,0.00001,0.00001
UK,UK261,0.131085,0.00001,0.466126,0.402769,0.00001
UK,UK262,0.133728,0.041152,0.102364,0.722746,0.00001
UK,UK263,0.134542,0.587479,0.00001,0.00001,0.277959
UK,UK264,0.146315,0.00001,0.418239,0.435426,0.00001
UK,UK265,0.14885,0.00001,0.00001,0.85112,0.00001
UK,UK266,0.156429,0.00001,0.00001,0.843541,0.00001
UK,UK267,0.156971,0.253063,0.00001,0.00001,0.589946
UK,UK268,0.158028,0.00001,0.00001,0.841942,0.00001
UK,UK269,0.163525,0.020931,0.00001,0.815524,0.00001
UK,UK270,0.168248,0.003042,0.00001,0.82869,0.00001
UK,UK271,0.171536,0.828277,0.00001,0.00001,0.000167
UK,UK272,0.17294,0.00001,0.536835,0.290206,0.00001
UK,UK273,0.173643,0.826327,0.00001,0.00001,0.00001
UK,UK274,0.176312,0.248616,0.229191,0.345872,0.00001
UK,UK275,0.176319,0.246578,0.227727,0.349366,0.00001
UK,UK276,0.179736,0.469515,0.00001,0.00001,0.350729
UK,UK277,0.18964,0.66475,0.00001,0.14559,0.00001
UK,UK278,0.192202,0.807768,0.00001,0.00001,0.00001
UK,UK279,0.195045,0.00001,0.804925,0.00001,0.00001
UK,UK280,0.196714,0.019486,0.00001,0.78378,0.00001
UK,UK281,0.197393,0.00001,0.802577,0.00001,0.00001
UK,UK282,0.198761,0.00001,0.801209,0.00001,0.00001
UK,UK283,0.199172,0.00001,0.800798,0.00001,0.00001
UK,UK284,0.199701,0.00001,0.800269,0.00001,0.00001
UK,UK285,0.201371,0.798599,0.00001,0.00001,0.00001
UK,UK286,0.202311,0.797659,0.00001,0.00001,0.00001
UK,UK287,0.20571,0.00001,0.00001,0.79426,0.00001
UK,UK288,0.206107,0.00001,0.793863,0.00001,0.00001
UK,UK289,0.2065,0.00001,0.79347,0.00001,0.00001
UK,UK290,0.206574,0.032339,0.211654,0.312379,0.237055
UK,UK291,0.207704,0.043283,0.513874,0.00001,0.235129
UK,UK292,0.208948,0.256919,0.00001,0.257531,0.276591
UK,UK293,0.209735,0.786895,0.00001,0.003349,0.00001
UK,UK294,0.211063,0.774736,0.011109,0.00001,0.003082
UK,UK295,0.211326,0.788644,0.00001,0.00001,0.00001
UK,UK296,0.211796,0.00001,0.788174,0.00001,0.00001
UK,UK297,0.211986,0.00001,0.00001,0.787984,0.00001
UK,UK298,0.215033,0.784937,0.00001,0.00001,0.00001
UK,UK299,0.222517,0.026837,0.059105,0.691532,0.00001
UK,UK300,0.223027,0.026169,0.05977,0.691024,0.00001
UK,UK301,0.224869,0.027762,0.057393,0.689966,0.00001
UK,UK302,0.227857,0.748275,0.00001,0.00001,0.023847
UK,UK303,0.229139,0.00001,0.096892,0.456961,0.216999
UK,UK304,0.230088,0.00001,0.769882,0.00001,0.00001
UK,UK305,0.230635,0.034926,0.000019,0.00001,0.734411
UK,UK306,0.230738,0.00001,0.054246,0.714996,0.00001
UK,UK307,0.232031,0.767939,0.00001,0.00001,0.00001
UK,UK308,0.232673,0.030612,0.055268,0.681437,0.00001
UK,UK309,0.23272,0.587808,0.179451,0.00001,0.00001
UK,UK310,0.239781,0.00001,0.746236,0.00001,0.013963
UK,UK311,0.244909,0.00001,0.755061,0.00001,0.00001
UK,UK312,0.25776,0.473709,0.00001,0.219458,0.049063
UK,UK313,0.287074,0.00001,0.585298,0.127608,0.00001
UK,UK314,0.297687,0.00001,0.00001,0.702283,0.00001
UK,UK315,0.338455,0.039264,0.231903,0.390367,0.00001
UK,UK316,0.364056,0.044055,0.249986,0.341894,0.00001
UK,UK317,0.371885,0.168463,0.00001,0.00001,0.459631
UK,UK318,0.377013,0.045027,0.239365,0.337759,0.000836
UK,UK319,0.382947,0.00001,0.00001,0.617023,0.00001
UK,UK320,0.387536,0.00001,0.00001,0.612434,0.00001
UK,UK321,0.419927,0.026237,0.213375,0.340451,0.00001
UK,UK322,0.425677,0.00001,0.142394,0.297676,0.134243
UK,UK323,0.437677,0.562293,0.00001,0.00001,0.00001
UK,UK324,0.438124,0.561846,0.00001,0.00001,0.00001
UK,UK325,0.441445,0.558525,0.00001,0.00001,0.00001
UK,UK326,0.442221,0.557749,0.00001,0.00001,0.00001
UK,UK327,0.443,0.556964,0.000015,0.00001,0.00001
UK,UK328,0.449422,0.00001,0.111175,0.00001,0.439383
UK,UK329,0.453601,0.148322,0.000017,0.00001,0.39805
UK,UK330,0.469067,0.530903,0.00001,0.00001,0.00001
UK,UK331,0.475878,0.156329,0.00001,0.268145,0.099638
UK,UK332,0.518193,0.061077,0.037793,0.27166,0.111277
UK,UK333,0.518839,0.00001,0.258787,0.00001,0.222354
UK,UK334,0.526158,0.191169,0.195352,0.087311,0.00001
UK,UK335,0.529787,0.470183,0.00001,0.00001,0.00001
UK,UK336,0.570851,0.00001,0.199626,0.00001,0.229503
UK,UK337,0.571393,0.00001,0.00001,0.00001,0.428577
UK,UK338,0.57142,0.00001,0.000011,0.00001,0.428549
UK,UK339,0.582971,0.391867,0.00001,0.00001,0.025142
UK,UK340,0.591839,0.090972,0.00001,0.026582,0.290598
UK,UK341,0.600947,0.055257,0.00001,0.030103,0.313683
UK,UK342,0.615817,0.043906,0.147557,0.083726,0.108994
UK,UK343,0.642276,0.357694,0.00001,0.00001,0.00001
UK,UK344,0.644946,0.355024,0.00001,0.00001,0.00001
UK,UK345,0.645154,0.00001,0.354816,0.00001,0.00001
UK,UK346,0.645794,0.010224,0.224697,0.015589,0.103696
UK,UK347,0.651564,0.17753,0.00001,0.002012,0.168884
UK,UK348,0.661731,0.00001,0.338239,0.00001,0.00001
UK,UK349,0.66577,0.01113,0.306304,0.016786,0.00001
UK,UK350,0.668356,0.00001,0.294296,0.00001,0.037328
UK,UK351,0.672909,0.281481,0.00001,0.024361,0.02124
UK,UK352,0.678045,0.321925,0.00001,0.00001,0.00001
UK,UK353,0.683883,0.076503,0.152484,0.082512,0.004617
UK,UK354,0.688849,0.00001,0.311121,0.00001,0.00001
UK,UK355,0.690571,0.00001,0.306495,0.00001,0.002914
UK,UK356,0.693715,0.304318,0.00001,0.00001,0.001947
UK,UK357,0.69628,0.30369,0.00001,0.00001,0.00001
UK,UK358,0.700342,0.071486,0.228153,0.00001,0.00001
UK,UK359,0.700778,0.016955,0.256126,0.00001,0.026131
UK,UK360,0.713384,0.083688,0.202903,0.000016,0.00001
UK,UK361,0.720031,0.00001,0.279939,0.00001,0.00001
UK,UK362,0.731765,0.260753,0.00001,0.007462,0.00001
UK,UK363,0.734763,0.265207,0.00001,0.00001,0.00001
UK,UK364,0.734764,0.265206,0.00001,0.00001,0.00001
UK,UK365,0.736271,0.263699,0.00001,0.00001,0.00001
UK,UK366,0.736285,0.263685,0.00001,0.00001,0.00001
UK,UK367,0.737992,0.006906,0.00001,0.00001,0.255082
UK,UK368,0.754567,0.245403,0.00001,0.00001,0.00001
UK,UK369,0.755705,0.244265,0.00001,0.00001,0.00001
UK,UK370,0.766998,0.232972,0.00001,0.00001,0.00001
UK,UK371,0.768909,0.231061,0.00001,0.00001,0.00001
UK,UK372,0.771122,0.175604,0.00001,0.043681,0.009583
UK,UK373,0.77553,0.22444,0.00001,0.00001,0.00001
UK,UK374,0.778019,0.221951,0.00001,0.00001,0.00001
UK,UK375,0.778953,0.160017,0.00001,0.06101,0.00001
UK,UK376,0.78524,0.21473,0.00001,0.00001,0.00001
UK,UK377,0.786246,0.210496,0.00001,0.003237,0.00001
UK,UK378,0.789932,0.210038,0.00001,0.00001,0.00001
UK,UK379,0.794669,0.205301,0.00001,0.00001,0.00001
UK,UK380,0.800935,0.199035,0.00001,0.00001,0.00001
UK,UK381,0.802346,0.00001,0.197624,0.00001,0.00001
UK,UK382,0.803673,0.196297,0.00001,0.00001,0.00001
UK,UK383,0.805381,0.194589,0.00001,0.00001,0.00001
UK,UK384,0.814276,0.004761,0.180943,0.00001,0.00001
UK,UK385,0.815397,0.184573,0.00001,0.00001,0.00001
UK,UK386,0.815803,0.116778,0.00001,0.027361,0.040047
UK,UK387,0.833839,0.069477,0.096664,0.00001,0.00001
UK,UK388,0.834173,0.165797,0.00001,0.00001,0.00001
UK,UK389,0.843707,0.156263,0.00001,0.00001,0.00001
UK,UK390,0.854284,0.136961,0.00001,0.00001,0.008735
UK,UK391,0.855974,0.143996,0.00001,0.00001,0.00001
UK,UK392,0.858321,0.141649,0.00001,0.00001,0.00001
UK,UK393,0.886032,0.113938,0.00001,0.00001,0.00001
UK,UK394,0.925906,0.069397,0.00001,0.004677,0.00001
UK,UK395,0.926628,0.068783,0.00001,0.004569,0.00001
UK,UK396,0.940769,0.00001,0.054633,0.004578,0.00001
UK,UK397,0.96931,0.011399,0.00001,0.00001,0.019271
UK,UK398,0.980676,0.00001,0.00001,0.00001,0.019294
UK,UK399,0.985497,0.00001,0.00001,0.014473,0.00001
UK,UK400,0.987362,0.00001,0.00001,0.00001,0.012608
UK,UK401,0.992356,0.00001,0.00001,0.00001,0.007614
UK,UK402,0.995848,0.00001,0.00001,0.00001,0.004122
UK,UK403,0.996157,0.00001,0.003813,0.00001,0.00001
UK,UK404,0.999951,0.00001,0.000019,0.00001,0.00001
UK,UK405,0.999951,0.00001,0.000019,0.00001,0.00001
UK,UK406,0.999956,0.00001,0.000014,0.00001,0.00001
UK,UK407,0.999957,0.00001,0.000013,0.00001,0.00001
UK,UK408,0.999957,0.00001,0.000013,0.00001,0.00001
UK,UK409,0.99996,0.00001,0.00001,0.00001,0.00001
UK,UK410,0.99996,0.00001,0.00001,0.00001,0.00001
UK,UK411,0.99996,0.00001,0.00001,0.00001,0.00001
UK,UK412,0.99996,0.00001,0.00001,0.00001,0.00001
UK,UK413,0.99996,0.00001,0.00001,0.00001,0.00001
UK,UK414,0.99996,0.00001,0.00001,0.00001,0.00001
UK,UK415,0.99996,0.00001,0.00001,0.00001,0.00001
UK,UK416,0.99996,0.00001,0.00001,0.00001,0.00001
UK,UK417,0.99996,0.00001,0.00001,0.00001,0.00001
UK,UK418,0.99996,0.00001,0.00001,0.00001,0.00001
UK,UK419,0.99996,0.00001,0.00001,0.00001,0.00001
UK,UK420,0.99996,0.00001,0.00001,0.00001,0.00001
UK,UK421,0.99996,0.00001,0.00001,0.00001,0.00001
UK,UK422,0.99996,0.00001,0.00001,0.00001,0.00001
UK,UK423,0.99996,0.00001,0.00001,0.00001,0.00001
UK,UK424,0.99996,0.00001,0.00001,0.00001,0.00001
UK,UK425,0.99996,0.00001,0.00001,0.00001,0.00001
UK,UK426,0.99996,0.00001,0.00001,0.00001,0.00001
UK,UK427,0.99996,0.00001,0.00001,0.00001,0.00001
UK,UK428,0.99996,0.00001,0.00001,0.00001,0.00001
UK,UK429,0.99996,0.00001,0.00001,0.00001,0.00001
Ukraine,Ukraine01,0.00001,0.00001,0.00001,0.99996,0.00001
USA,USA01,0.00001,0.00001,0.00001,0.00001,0.99996
USA,USA02,0.00001,0.00001,0.00001,0.00001,0.99996
USA,USA03,0.00001,0.00001,0.00001,0.00001,0.99996
USA,USA04,0.00001,0.00001,0.00001,0.00001,0.99996
USA,USA05,0.00001,0.00001,0.00001,0.00001,0.99996
USA,USA06,0.00001,0.00001,0.00001,0.00001,0.99996
USA,USA07,0.00001,0.00001,0.00001,0.00001,0.99996
USA,USA08,0.00001,0.00001,0.00001,0.00001,0.99996
USA,USA09,0.00001,0.00001,0.00001,0.99996,0.00001
USA,USA10,0.00001,0.00001,0.00001,0.99996,0.00001
USA,USA11,0.00001,0.008808,0.00001,0.991162,0.00001
USA,USA12,0.00001,0.058063,0.00001,0.00001,0.941907
USA,USA13,0.00001,0.110299,0.00001,0.00001,0.889671
USA,USA14,0.00001,0.156453,0.00001,0.503833,0.339693
USA,USA15,0.00001,0.549356,0.00001,0.00001,0.450614
USA,USA16,0.00001,0.873825,0.00001,0.00001,0.126145
USA,USA17,0.00001,0.907517,0.00001,0.00001,0.092453
USA,USA18,0.00001,0.918551,0.012387,0.069043,0.00001
USA,USA19,0.00001,0.921418,0.015185,0.063378,0.00001
USA,USA20,0.00001,0.923501,0.00001,0.076469,0.00001
USA,USA21,0.00001,0.92357,0.020417,0.055994,0.00001
USA,USA22,0.00001,0.983229,0.00001,0.016741,0.00001
USA,USA23,0.00001,0.990513,0.00001,0.00001,0.009457
USA,USA24,0.00001,0.998403,0.00001,0.001567,0.00001
USA,USA25,0.00001,0.999953,0.000017,0.00001,0.00001
USA,USA26,0.00001,0.99996,0.00001,0.00001,0.00001
USA,USA27,0.00001,0.99996,0.00001,0.00001,0.00001
USA,USA28,0.00001,0.99996,0.00001,0.00001,0.00001
USA,USA29,0.00001,0.99996,0.00001,0.00001,0.00001
USA,USA30,0.00001,0.99996,0.00001,0.00001,0.00001
USA,USA31,0.00001,0.99996,0.00001,0.00001,0.00001
USA,USA32,0.00001,0.99996,0.00001,0.00001,0.00001
USA,USA33,0.00001,0.99996,0.00001,0.00001,0.00001
USA,USA34,0.00001,0.99996,0.00001,0.00001,0.00001
USA,USA35,0.00001,0.99996,0.00001,0.00001,0.00001
USA,USA36,0.00001,0.99996,0.00001,0.00001,0.00001
USA,USA37,0.00001,0.99996,0.00001,0.00001,0.00001
USA,USA38,0.00001,0.99996,0.00001,0.00001,0.00001
USA,USA39,0.00001,0.99996,0.00001,0.00001,0.00001
USA,USA40,0.00001,0.99996,0.00001,0.00001,0.00001
USA,USA41,0.00001,0.99996,0.00001,0.00001,0.00001
USA,USA42,0.00001,0.99996,0.00001,0.00001,0.00001
USA,USA43,0.000013,0.00001,0.00001,0.999957,0.00001
USA,USA44,0.000013,0.999957,0.00001,0.00001,0.00001
USA,USA45,0.000014,0.770673,0.00001,0.229293,0.00001
USA,USA46,0.000018,0.00001,0.770666,0.00001,0.229296
USA,USA47,0.008316,0.991654,0.00001,0.00001,0.00001
USA,USA48,0.009177,0.00001,0.00001,0.990793,0.00001
USA,USA49,0.012475,0.987495,0.00001,0.00001,0.00001
USA,USA50,0.013157,0.154639,0.00001,0.471142,0.361052
USA,USA51,0.015059,0.152785,0.00001,0.468488,0.363658
USA,USA52,0.017141,0.00001,0.00001,0.97065,0.012189
USA,USA53,0.017741,0.028185,0.00001,0.954054,0.00001
USA,USA54,0.024845,0.825847,0.030209,0.119089,0.00001
USA,USA55,0.027067,0.009607,0.002227,0.96109,0.00001
USA,USA56,0.040749,0.959221,0.00001,0.00001,0.00001
USA,USA57,0.041822,0.958148,0.00001,0.00001,0.00001
USA,USA58,0.043395,0.77761,0.00001,0.178975,0.00001
USA,USA59,0.045817,0.954153,0.00001,0.00001,0.00001
USA,USA60,0.046054,0.953916,0.00001,0.00001,0.00001
USA,USA61,0.05111,0.94886,0.00001,0.00001,0.00001
USA,USA62,0.067254,0.046165,0.111066,0.775505,0.00001
USA,USA63,0.067913,0.00001,0.00001,0.932057,0.00001
USA,USA64,0.070475,0.918711,0.00001,0.010794,0.00001
USA,USA65,0.077553,0.922417,0.00001,0.00001,0.00001
USA,USA66,0.079532,0.00001,0.00001,0.00001,0.920438
USA,USA67,0.084829,0.14832,0.00001,0.00001,0.76683
USA,USA68,0.103362,0.876071,0.00001,0.020546,0.00001
USA,USA69,0.104193,0.874996,0.00001,0.020792,0.00001
USA,USA70,0.106902,0.893068,0.00001,0.00001,0.00001
USA,USA71,0.110564,0.889406,0.00001,0.00001,0.00001
USA,USA72,0.117055,0.037544,0.00001,0.845381,0.00001
USA,USA73,0.117216,0.197868,0.00001,0.00001,0.684897
USA,USA74,0.132754,0.867006,0.00001,0.00022,0.00001
USA,USA75,0.155072,0.844898,0.00001,0.00001,0.00001
USA,USA76,0.157151,0.829686,0.00001,0.013143,0.00001
USA,USA77,0.157706,0.842264,0.00001,0.00001,0.00001
USA,USA78,0.161382,0.830872,0.00001,0.00001,0.007726
USA,USA79,0.178665,0.032286,0.00001,0.00001,0.789029
USA,USA80,0.18893,0.81104,0.00001,0.00001,0.00001
USA,USA81,0.189501,0.810469,0.00001,0.00001,0.00001
USA,USA82,0.190347,0.809615,0.00001,0.000019,0.00001
USA,USA83,0.192211,0.00001,0.00001,0.807759,0.00001
USA,USA84,0.199683,0.018372,0.00001,0.781925,0.00001
USA,USA85,0.21303,0.78694,0.00001,0.00001,0.00001
USA,USA86,0.214705,0.785265,0.00001,0.00001,0.00001
USA,USA87,0.218229,0.006561,0.00001,0.00001,0.775189
USA,USA88,0.218669,0.76135,0.00001,0.019961,0.00001
USA,USA89,0.219759,0.780211,0.00001,0.00001,0.00001
USA,USA90,0.236391,0.763579,0.00001,0.00001,0.00001
USA,USA91,0.23807,0.7619,0.00001,0.00001,0.00001
USA,USA92,0.244038,0.241954,0.046875,0.417667,0.049466
USA,USA93,0.250424,0.00001,0.00001,0.00001,0.749546
USA,USA94,0.261022,0.738939,0.00001,0.00002,0.00001
USA,USA95,0.27084,0.72913,0.00001,0.00001,0.00001
USA,USA96,0.272124,0.00001,0.00001,0.00001,0.727846
USA,USA97,0.275022,0.724948,0.00001,0.00001,0.00001
USA,USA98,0.279884,0.720086,0.00001,0.00001,0.00001
USA,USA99,0.284446,0.715523,0.00001,0.00001,0.00001
USA,USA100,0.285358,0.714612,0.00001,0.00001,0.00001
USA,USA101,0.288692,0.711278,0.00001,0.00001,0.00001
USA,USA102,0.295988,0.00001,0.00001,0.00001,0.703982
USA,USA103,0.29615,0.00001,0.00001,0.00001,0.70382
USA,USA104,0.299208,0.700762,0.00001,0.00001,0.00001
USA,USA105,0.303276,0.696694,0.00001,0.00001,0.00001
USA,USA106,0.307021,0.692949,0.00001,0.00001,0.00001
USA,USA107,0.316476,0.00001,0.00001,0.00001,0.683494
USA,USA108,0.325173,0.352152,0.00001,0.322655,0.00001
USA,USA109,0.329222,0.670748,0.00001,0.00001,0.00001
USA,USA110,0.333487,0.343793,0.00001,0.3227,0.00001
USA,USA111,0.334357,0.665613,0.00001,0.00001,0.00001
USA,USA112,0.334838,0.347939,0.00001,0.317203,0.00001
USA,USA113,0.334989,0.34796,0.00001,0.31703,0.00001
USA,USA114,0.33542,0.346444,0.00001,0.318115,0.00001
USA,USA115,0.335555,0.345518,0.00001,0.318907,0.00001
USA,USA116,0.338668,0.341313,0.00001,0.319999,0.00001
USA,USA117,0.342967,0.339319,0.00001,0.317694,0.00001
USA,USA118,0.343195,0.656775,0.00001,0.00001,0.00001
USA,USA119,0.34583,0.65414,0.00001,0.00001,0.00001
USA,USA120,0.34924,0.00001,0.010774,0.00001,0.639967
USA,USA121,0.359326,0.640644,0.00001,0.00001,0.00001
USA,USA122,0.37188,0.62809,0.00001,0.00001,0.00001
USA,USA123,0.372012,0.627958,0.00001,0.00001,0.00001
USA,USA124,0.372328,0.581245,0.00001,0.00001,0.046407
USA,USA125,0.373827,0.626143,0.00001,0.00001,0.00001
USA,USA126,0.374107,0.625863,0.00001,0.00001,0.00001
USA,USA127,0.374759,0.625211,0.00001,0.00001,0.00001
USA,USA128,0.377181,0.622789,0.00001,0.00001,0.00001
USA,USA129,0.379434,0.620536,0.00001,0.00001,0.00001
USA,USA130,0.383907,0.616063,0.00001,0.00001,0.00001
USA,USA131,0.394301,0.605669,0.00001,0.00001,0.00001
USA,USA132,0.401419,0.598551,0.00001,0.00001,0.00001
USA,USA133,0.411214,0.588756,0.00001,0.00001,0.00001
USA,USA134,0.417817,0.041641,0.00001,0.00001,0.540522
USA,USA135,0.424161,0.00001,0.054647,0.017522,0.50366
USA,USA136,0.427431,0.215385,0.00001,0.00001,0.357164
USA,USA137,0.435184,0.564786,0.00001,0.00001,0.00001
USA,USA138,0.438443,0.00001,0.00001,0.00001,0.561527
USA,USA139,0.442707,0.557263,0.00001,0.00001,0.00001
USA,USA140,0.44434,0.55563,0.00001,0.00001,0.00001
USA,USA141,0.445273,0.554693,0.00001,0.000014,0.00001
USA,USA142,0.45147,0.548494,0.000016,0.00001,0.00001
USA,USA143,0.45351,0.283582,0.00001,0.00001,0.262889
USA,USA144,0.469531,0.530439,0.00001,0.00001,0.00001
USA,USA145,0.474103,0.525867,0.00001,0.00001,0.00001
USA,USA146,0.474759,0.525211,0.00001,0.00001,0.00001
USA,USA147,0.476794,0.523176,0.00001,0.00001,0.00001
USA,USA148,0.483089,0.516881,0.00001,0.00001,0.00001
USA,USA149,0.483861,0.516109,0.00001,0.00001,0.00001
USA,USA150,0.484554,0.515416,0.00001,0.00001,0.00001
USA,USA151,0.488565,0.511405,0.00001,0.00001,0.00001
USA,USA152,0.489713,0.510257,0.00001,0.00001,0.00001
USA,USA153,0.49649,0.503475,0.000015,0.00001,0.00001
USA,USA154,0.500566,0.499401,0.00001,0.000012,0.00001
USA,USA155,0.502643,0.497327,0.00001,0.00001,0.00001
USA,USA156,0.508691,0.491279,0.00001,0.00001,0.00001
USA,USA157,0.521305,0.462394,0.00001,0.016281,0.00001
USA,USA158,0.529109,0.449693,0.014106,0.00001,0.007082
USA,USA159,0.54016,0.45981,0.00001,0.00001,0.00001
USA,USA160,0.544019,0.144086,0.311875,0.00001,0.00001
USA,USA161,0.555065,0.139677,0.252639,0.00001,0.052609
USA,USA162,0.555792,0.00001,0.00001,0.00001,0.444178
USA,USA163,0.560271,0.439699,0.00001,0.00001,0.00001
USA,USA164,0.564943,0.00001,0.00001,0.00001,0.435027
USA,USA165,0.578958,0.421012,0.00001,0.00001,0.00001
USA,USA166,0.580068,0.227885,0.000011,0.00001,0.192027
USA,USA167,0.5847,0.41527,0.00001,0.00001,0.00001
USA,USA168,0.589934,0.181182,0.00001,0.00001,0.228864
USA,USA169,0.596416,0.151066,0.00001,0.00001,0.252498
USA,USA170,0.614187,0.356304,0.00001,0.029488,0.00001
USA,USA171,0.617454,0.00001,0.00001,0.00001,0.382516
USA,USA172,0.61964,0.208594,0.00001,0.00001,0.171746
USA,USA173,0.624058,0.00001,0.00001,0.375912,0.00001
USA,USA174,0.625872,0.233998,0.00001,0.006397,0.133723
USA,USA175,0.629996,0.309127,0.00001,0.00001,0.060856
USA,USA176,0.631186,0.368784,0.00001,0.00001,0.00001
USA,USA177,0.635824,0.364146,0.00001,0.00001,0.00001
USA,USA178,0.636799,0.363161,0.00001,0.00002,0.00001
USA,USA179,0.640426,0.000016,0.00001,0.359538,0.00001
USA,USA180,0.642678,0.357292,0.00001,0.00001,0.00001
USA,USA181,0.646009,0.353961,0.00001,0.00001,0.00001
USA,USA182,0.647469,0.352501,0.00001,0.00001,0.00001
USA,USA183,0.649981,0.349989,0.00001,0.00001,0.00001
USA,USA184,0.650835,0.347185,0.00001,0.00196,0.00001
USA,USA185,0.651768,0.348202,0.00001,0.00001,0.00001
USA,USA186,0.655793,0.286649,0.00001,0.057538,0.00001
USA,USA187,0.660653,0.339317,0.00001,0.00001,0.00001
USA,USA188,0.662644,0.00001,0.26347,0.00001,0.073866
USA,USA189,0.663644,0.336326,0.00001,0.00001,0.00001
USA,USA190,0.668712,0.316714,0.00001,0.012052,0.002512
USA,USA191,0.668815,0.026515,0.00001,0.003049,0.301612
USA,USA192,0.669865,0.330105,0.00001,0.00001,0.00001
USA,USA193,0.671458,0.034141,0.00001,0.00001,0.294381
USA,USA194,0.672568,0.327402,0.00001,0.00001,0.00001
USA,USA195,0.67586,0.32411,0.00001,0.00001,0.00001
USA,USA196,0.675924,0.324046,0.00001,0.00001,0.00001
USA,USA197,0.677018,0.322952,0.00001,0.00001,0.00001
USA,USA198,0.678105,0.321865,0.00001,0.00001,0.00001
USA,USA199,0.680904,0.319066,0.00001,0.00001,0.00001
USA,USA200,0.700426,0.299544,0.00001,0.00001,0.00001
USA,USA201,0.701223,0.298747,0.00001,0.00001,0.00001
USA,USA202,0.702131,0.297839,0.00001,0.00001,0.00001
USA,USA203,0.703469,0.296501,0.00001,0.00001,0.00001
USA,USA204,0.704077,0.295893,0.00001,0.00001,0.00001
USA,USA205,0.70502,0.29495,0.00001,0.00001,0.00001
USA,USA206,0.70674,0.29323,0.00001,0.00001,0.00001
USA,USA207,0.709505,0.290465,0.00001,0.00001,0.00001
USA,USA208,0.719538,0.183739,0.096702,0.00001,0.00001
USA,USA209,0.719772,0.280198,0.00001,0.00001,0.00001
USA,USA210,0.725096,0.274874,0.00001,0.00001,0.00001
USA,USA211,0.725267,0.200082,0.005369,0.043578,0.025704
USA,USA212,0.727183,0.00001,0.272787,0.000011,0.00001
USA,USA213,0.728829,0.271141,0.00001,0.00001,0.00001
USA,USA214,0.733022,0.00001,0.00001,0.00001,0.266948
USA,USA215,0.733181,0.208969,0.00001,0.00001,0.057831
USA,USA216,0.734518,0.00001,0.00001,0.00001,0.265452
USA,USA217,0.764616,0.235354,0.00001,0.00001,0.00001
USA,USA218,0.764668,0.235302,0.00001,0.00001,0.00001
USA,USA219,0.766162,0.233808,0.00001,0.00001,0.00001
USA,USA220,0.775391,0.224579,0.00001,0.00001,0.00001
USA,USA221,0.775632,0.224338,0.00001,0.00001,0.00001
USA,USA222,0.786812,0.198678,0.000011,0.014488,0.00001
USA,USA223,0.787049,0.212921,0.00001,0.00001,0.00001
USA,USA224,0.787822,0.212148,0.00001,0.00001,0.00001
USA,USA225,0.791231,0.198436,0.00001,0.010313,0.00001
USA,USA226,0.794809,0.205161,0.00001,0.00001,0.00001
USA,USA227,0.797773,0.187278,0.000011,0.014928,0.00001
USA,USA228,0.800222,0.124747,0.00001,0.00001,0.075011
USA,USA229,0.800491,0.199478,0.00001,0.000011,0.00001
USA,USA230,0.803698,0.196272,0.00001,0.00001,0.00001
USA,USA231,0.804582,0.195388,0.00001,0.00001,0.00001
USA,USA232,0.807017,0.031638,0.00001,0.00001,0.161325
USA,USA233,0.818813,0.181157,0.00001,0.00001,0.00001
USA,USA234,0.819869,0.180101,0.00001,0.00001,0.00001
USA,USA235,0.826124,0.121144,0.00001,0.00001,0.052712
USA,USA236,0.829907,0.170063,0.00001,0.00001,0.00001
USA,USA237,0.837359,0.00001,0.00001,0.00001,0.162611
USA,USA238,0.844257,0.155709,0.000015,0.00001,0.00001
USA,USA239,0.844542,0.155428,0.00001,0.00001,0.00001
USA,USA240,0.84639,0.153572,0.000017,0.00001,0.00001
USA,USA241,0.848058,0.00001,0.00001,0.00001,0.151912
USA,USA242,0.849839,0.00001,0.00001,0.00001,0.150131
USA,USA243,0.851182,0.00001,0.00001,0.00001,0.148788
USA,USA244,0.851885,0.148085,0.00001,0.00001,0.00001
USA,USA245,0.858943,0.141018,0.00001,0.000019,0.00001
USA,USA246,0.859453,0.12834,0.00001,0.012187,0.00001
USA,USA247,0.860133,0.122545,0.00001,0.017301,0.00001
USA,USA248,0.860363,0.139607,0.00001,0.00001,0.00001
USA,USA249,0.861417,0.00001,0.00001,0.00001,0.138553
USA,USA250,0.862647,0.137323,0.00001,0.00001,0.00001
USA,USA251,0.863296,0.136409,0.00001,0.00001,0.000276
USA,USA252,0.86613,0.13384,0.00001,0.00001,0.00001
USA,USA253,0.867206,0.132764,0.00001,0.00001,0.00001
USA,USA254,0.872014,0.127956,0.00001,0.00001,0.00001
USA,USA255,0.872947,0.127014,0.000019,0.00001,0.00001
USA,USA256,0.874067,0.125894,0.000018,0.00001,0.00001
USA,USA257,0.876792,0.123178,0.00001,0.00001,0.00001
USA,USA258,0.876889,0.114599,0.00001,0.008491,0.00001
USA,USA259,0.877519,0.114507,0.00001,0.007954,0.00001
USA,USA260,0.880438,0.119532,0.00001,0.00001,0.00001
USA,USA261,0.885581,0.104102,0.00001,0.010297,0.00001
USA,USA262,0.88811,0.11186,0.00001,0.00001,0.00001
USA,USA263,0.889475,0.110495,0.00001,0.00001,0.00001
USA,USA264,0.89119,0.073691,0.00001,0.00001,0.0351
USA,USA265,0.891215,0.074511,0.00001,0.00001,0.034254
USA,USA266,0.89168,0.10829,0.00001,0.00001,0.00001
USA,USA267,0.892209,0.107761,0.00001,0.00001,0.00001
USA,USA268,0.893738,0.106232,0.00001,0.00001,0.00001
USA,USA269,0.894188,0.105782,0.00001,0.00001,0.00001
USA,USA270,0.895132,0.09527,0.00001,0.009578,0.00001
USA,USA271,0.89864,0.10133,0.00001,0.00001,0.00001
USA,USA272,0.900069,0.099899,0.000012,0.00001,0.00001
USA,USA273,0.902286,0.097684,0.00001,0.00001,0.00001
USA,USA274,0.90561,0.09436,0.00001,0.00001,0.00001
USA,USA275,0.90834,0.09163,0.00001,0.00001,0.00001
USA,USA276,0.908745,0.091225,0.00001,0.00001,0.00001
USA,USA277,0.913375,0.086589,0.000017,0.00001,0.00001
USA,USA278,0.915317,0.068359,0.007538,0.008777,0.00001
USA,USA279,0.9203,0.079665,0.00001,0.000015,0.00001
USA,USA280,0.920942,0.079027,0.000011,0.00001,0.00001
USA,USA281,0.924353,0.074674,0.000953,0.00001,0.00001
USA,USA282,0.92554,0.07443,0.00001,0.00001,0.00001
USA,USA283,0.927107,0.072863,0.00001,0.00001,0.00001
USA,USA284,0.927288,0.072682,0.00001,0.00001,0.00001
USA,USA285,0.930003,0.069967,0.00001,0.00001,0.00001
USA,USA286,0.930827,0.069143,0.00001,0.00001,0.00001
USA,USA287,0.932881,0.067089,0.00001,0.00001,0.00001
USA,USA288,0.938819,0.061151,0.00001,0.00001,0.00001
USA,USA289,0.940403,0.059567,0.00001,0.00001,0.00001
USA,USA290,0.941276,0.058694,0.00001,0.00001,0.00001
USA,USA291,0.941709,0.058261,0.00001,0.00001,0.00001
USA,USA292,0.941985,0.057985,0.00001,0.00001,0.00001
USA,USA293,0.942714,0.057256,0.00001,0.00001,0.00001
USA,USA294,0.943055,0.056915,0.00001,0.00001,0.00001
USA,USA295,0.943297,0.056673,0.00001,0.00001,0.00001
USA,USA296,0.943448,0.056522,0.00001,0.00001,0.00001
USA,USA297,0.943525,0.056445,0.00001,0.00001,0.00001
USA,USA298,0.943579,0.056391,0.00001,0.00001,0.00001
USA,USA299,0.946827,0.053143,0.00001,0.00001,0.00001
USA,USA300,0.947381,0.052589,0.00001,0.00001,0.00001
USA,USA301,0.947703,0.052267,0.00001,0.00001,0.00001
USA,USA302,0.949503,0.050467,0.00001,0.00001,0.00001
USA,USA303,0.951109,0.048861,0.00001,0.00001,0.00001
USA,USA304,0.952882,0.047081,0.000016,0.00001,0.00001
USA,USA305,0.954601,0.045369,0.00001,0.00001,0.00001
USA,USA306,0.955089,0.044881,0.00001,0.00001,0.00001
USA,USA307,0.955964,0.00001,0.00001,0.00001,0.044006
USA,USA308,0.956021,0.043949,0.00001,0.00001,0.00001
USA,USA309,0.957575,0.042395,0.00001,0.00001,0.00001
USA,USA310,0.96096,0.03901,0.00001,0.00001,0.00001
USA,USA311,0.961981,0.02886,0.00001,0.009139,0.00001
USA,USA312,0.963533,0.036437,0.00001,0.00001,0.00001
USA,USA313,0.965277,0.034693,0.00001,0.00001,0.00001
USA,USA314,0.965281,0.034689,0.00001,0.00001,0.00001
USA,USA315,0.965876,0.034094,0.00001,0.00001,0.00001
USA,USA316,0.972153,0.003901,0.00001,0.00001,0.023926
USA,USA317,0.972616,0.00001,0.00001,0.00001,0.027354
USA,USA318,0.97348,0.00001,0.00001,0.00001,0.02649
USA,USA319,0.977192,0.011805,0.010983,0.00001,0.00001
USA,USA320,0.977876,0.022094,0.00001,0.00001,0.00001
USA,USA321,0.981088,0.018882,0.00001,0.00001,0.00001
USA,USA322,0.983058,0.016912,0.00001,0.00001,0.00001
USA,USA323,0.98834,0.01163,0.00001,0.00001,0.00001
USA,USA324,0.989987,0.00001,0.00001,0.00001,0.009983
USA,USA325,0.99014,0.00983,0.00001,0.00001,0.00001
USA,USA326,0.992029,0.007941,0.00001,0.00001,0.00001
USA,USA327,0.993851,0.006119,0.00001,0.00001,0.00001
USA,USA328,0.993851,0.006119,0.00001,0.00001,0.00001
USA,USA329,0.994204,0.002044,0.00001,0.003732,0.00001
USA,USA330,0.998501,0.001469,0.00001,0.00001,0.00001
USA,USA331,0.999951,0.00001,0.000019,0.00001,0.00001
USA,USA332,0.999957,0.00001,0.000013,0.00001,0.00001
USA,USA333,0.999959,0.00001,0.000011,0.00001,0.00001
USA,USA334,0.99996,0.00001,0.00001,0.00001,0.00001
USA,USA335,0.99996,0.00001,0.00001,0.00001,0.00001
USA,USA336,0.99996,0.00001,0.00001,0.00001,0.00001
USA,USA337,0.99996,0.00001,0.00001,0.00001,0.00001
USA,USA338,0.99996,0.00001,0.00001,0.00001,0.00001
USA,USA339,0.99996,0.00001,0.00001,0.00001,0.00001
USA,USA340,0.99996,0.00001,0.00001,0.00001,0.00001
USA,USA341,0.99996,0.00001,0.00001,0.00001,0.00001
USA,USA342,0.99996,0.00001,0.00001,0.00001,0.00001
USA,USA343,0.99996,0.00001,0.00001,0.00001,0.00001
USA,USA344,0.99996,0.00001,0.00001,0.00001,0.00001
USA,USA345,0.99996,0.00001,0.00001,0.00001,0.00001
USA,USA346,0.99996,0.00001,0.00001,0.00001,0.00001
USA,USA347,0.99996,0.00001,0.00001,0.00001,0.00001
USA,USA348,0.99996,0.00001,0.00001,0.00001,0.00001
USA,USA349,0.99996,0.00001,0.00001,0.00001,0.00001
USA,USA350,0.99996,0.00001,0.00001,0.00001,0.00001
USA,USA351,0.99996,0.00001,0.00001,0.00001,0.00001
USA,USA352,0.99996,0.00001,0.00001,0.00001,0.00001
USA,USA353,0.99996,0.00001,0.00001,0.00001,0.00001
Vietnam,Vietnam01,0.00001,0.18411,0.00001,0.464064,0.351806
Vietnam,Vietnam02,0.924438,0.033304,0.00001,0.042238,0.00001
Zambia,Zambia01,0.057249,0.007449,0.008749,0.919597,0.006956
Zimbabwe,Zimbabwe01,0.010909,0.00001,0.00001,0.989061,0.00001
Zimbabwe,Zimbabwe02,0.030459,0.969511,0.00001,0.00001,0.00001
Zimbabwe,Zimbabwe03,0.686973,0.230763,0.00001,0.082245,0.00001
Zimbabwe,Zimbabwe04,0.688547,0.231322,0.00001,0.08011,0.00001